vi,ctrl,sx,sy,cx,cy,btns,value
601,0,-128,0,0,0,0,0000ae00
605,0,-127,0,0,0,0,0000ae00
609,0,-126,0,0,0,0,0000ae00
613,0,-125,0,0,0,0,0000ae00
617,0,-124,0,0,0,0,0000ae00
621,0,-123,0,0,0,0,0000ae00
625,0,-122,0,0,0,0,0000ae00
629,0,-121,0,0,0,0,0000ae00
633,0,-120,0,0,0,0,0000ae00
637,0,-119,0,0,0,0,0000ae00
641,0,-118,0,0,0,0,0000ae00
645,0,-117,0,0,0,0,0000ae00
649,0,-116,0,0,0,0,0000ae00
653,0,-115,0,0,0,0,0000ae00
657,0,-114,0,0,0,0,0000ae00
661,0,-113,0,0,0,0,0000ae00
665,0,-112,0,0,0,0,0000ae00
669,0,-111,0,0,0,0,0000ae00
673,0,-110,0,0,0,0,0000ae00
677,0,-109,0,0,0,0,0000ae00
681,0,-108,0,0,0,0,0000ae00
685,0,-107,0,0,0,0,0000ae00
689,0,-106,0,0,0,0,0000ae00
693,0,-105,0,0,0,0,0000ae00
697,0,-104,0,0,0,0,0000ae00
701,0,-103,0,0,0,0,0000ae00
705,0,-102,0,0,0,0,0000ae00
709,0,-101,0,0,0,0,0000ae00
713,0,-100,0,0,0,0,0000af00
717,0,-99,0,0,0,0,0000af00
721,0,-98,0,0,0,0,0000b000
725,0,-97,0,0,0,0,0000b100
729,0,-96,0,0,0,0,0000b200
733,0,-95,0,0,0,0,0000b300
737,0,-94,0,0,0,0,0000b400
741,0,-93,0,0,0,0,0000b400
745,0,-92,0,0,0,0,0000b500
749,0,-91,0,0,0,0,0000b600
753,0,-90,0,0,0,0,0000b700
757,0,-89,0,0,0,0,0000b800
761,0,-88,0,0,0,0,0000b800
765,0,-87,0,0,0,0,0000b900
769,0,-86,0,0,0,0,0000ba00
773,0,-85,0,0,0,0,0000bb00
777,0,-84,0,0,0,0,0000bc00
781,0,-83,0,0,0,0,0000bc00
785,0,-82,0,0,0,0,0000bd00
789,0,-81,0,0,0,0,0000be00
793,0,-80,0,0,0,0,0000bf00
797,0,-79,0,0,0,0,0000c000
801,0,-78,0,0,0,0,0000c100
805,0,-77,0,0,0,0,0000c100
809,0,-76,0,0,0,0,0000c200
813,0,-75,0,0,0,0,0000c300
817,0,-74,0,0,0,0,0000c400
821,0,-73,0,0,0,0,0000c500
825,0,-72,0,0,0,0,0000c500
829,0,-71,0,0,0,0,0000c600
833,0,-70,0,0,0,0,0000c700
837,0,-69,0,0,0,0,0000c800
841,0,-68,0,0,0,0,0000c900
845,0,-67,0,0,0,0,0000c900
849,0,-66,0,0,0,0,0000ca00
852,0,-65,0,0,0,0,0000cb00
856,0,-64,0,0,0,0,0000cc00
860,0,-63,0,0,0,0,0000cd00
864,0,-62,0,0,0,0,0000ce00
868,0,-61,0,0,0,0,0000ce00
872,0,-60,0,0,0,0,0000cf00
876,0,-59,0,0,0,0,0000d000
880,0,-58,0,0,0,0,0000d100
884,0,-57,0,0,0,0,0000d200
888,0,-56,0,0,0,0,0000d200
892,0,-55,0,0,0,0,0000d300
896,0,-54,0,0,0,0,0000d400
900,0,-53,0,0,0,0,0000d500
904,0,-52,0,0,0,0,0000d600
908,0,-51,0,0,0,0,0000d700
912,0,-50,0,0,0,0,0000d700
916,0,-49,0,0,0,0,0000d800
920,0,-48,0,0,0,0,0000d900
924,0,-47,0,0,0,0,0000da00
928,0,-46,0,0,0,0,0000db00
932,0,-45,0,0,0,0,0000db00
936,0,-44,0,0,0,0,0000dc00
940,0,-43,0,0,0,0,0000dd00
944,0,-42,0,0,0,0,0000de00
948,0,-41,0,0,0,0,0000df00
952,0,-40,0,0,0,0,0000df00
957,0,-39,0,0,0,0,0000e000
961,0,-38,0,0,0,0,0000e100
965,0,-37,0,0,0,0,0000e200
969,0,-36,0,0,0,0,0000e300
973,0,-35,0,0,0,0,0000e400
976,0,-34,0,0,0,0,0000e400
980,0,-33,0,0,0,0,0000e500
984,0,-32,0,0,0,0,0000e600
989,0,-31,0,0,0,0,0000e700
993,0,-30,0,0,0,0,0000e800
998,0,-29,0,0,0,0,0000e800
1000,0,-28,0,0,0,0,0000e900
1004,0,-27,0,0,0,0,0000ea00
1008,0,-26,0,0,0,0,0000eb00
1013,0,-25,0,0,0,0,0000ec00
1018,0,-24,0,0,0,0,0000ec00
1020,0,-23,0,0,0,0,0000ed00
1024,0,-22,0,0,0,0,0000ee00
1028,0,-21,0,0,0,0,0000ef00
1032,0,-20,0,0,0,0,0000f000
1036,0,-19,0,0,0,0,0000f100
1041,0,-18,0,0,0,0,0000f100
1045,0,-17,0,0,0,0,0000f200
1050,0,-16,0,0,0,0,0000f300
1052,0,-15,0,0,0,0,0000f400
1056,0,-14,0,0,0,0,0000f500
1060,0,-13,0,0,0,0,0000f500
1064,0,-12,0,0,0,0,0000f600
1068,0,-11,0,0,0,0,0000f700
1074,0,-10,0,0,0,0,0000f800
1076,0,-9,0,0,0,0,0000f900
1081,0,-8,0,0,0,0,0000f900
1085,0,-7,0,0,0,0,0000fa00
1089,0,-6,0,0,0,0,0000fb00
1092,0,-5,0,0,0,0,0000fc00
1096,0,-4,0,0,0,0,0000fd00
1100,0,-3,0,0,0,0,0000fe00
1105,0,-2,0,0,0,0,0000fe00
1109,0,-1,0,0,0,0,0000ff00
1114,0,0,0,0,0,0,00000000
1116,0,1,0,0,0,0,00000100
1120,0,2,0,0,0,0,00000200
1125,0,3,0,0,0,0,00000200
1129,0,4,0,0,0,0,00000300
1132,0,5,0,0,0,0,00000400
1137,0,6,0,0,0,0,00000500
1141,0,7,0,0,0,0,00000600
1144,0,8,0,0,0,0,00000700
1148,0,9,0,0,0,0,00000700
1152,0,10,0,0,0,0,00000800
1157,0,11,0,0,0,0,00000900
1160,0,12,0,0,0,0,00000a00
1165,0,13,0,0,0,0,00000b00
1169,0,14,0,0,0,0,00000b00
1172,0,15,0,0,0,0,00000c00
1177,0,16,0,0,0,0,00000d00
1182,0,17,0,0,0,0,00000e00
1185,0,18,0,0,0,0,00000f00
1190,0,19,0,0,0,0,00000f00
1192,0,20,0,0,0,0,00001000
1196,0,21,0,0,0,0,00001100
1200,0,22,0,0,0,0,00001200
1204,0,23,0,0,0,0,00001300
1208,0,24,0,0,0,0,00001400
1212,0,25,0,0,0,0,00001400
1217,0,26,0,0,0,0,00001500
1221,0,27,0,0,0,0,00001600
1225,0,28,0,0,0,0,00001700
1228,0,29,0,0,0,0,00001800
1232,0,30,0,0,0,0,00001800
1236,0,31,0,0,0,0,00001900
1240,0,32,0,0,0,0,00001a00
1244,0,33,0,0,0,0,00001b00
1248,0,34,0,0,0,0,00001c00
1252,0,35,0,0,0,0,00001c00
1256,0,36,0,0,0,0,00001d00
1261,0,37,0,0,0,0,00001e00
1265,0,38,0,0,0,0,00001f00
1269,0,39,0,0,0,0,00002000
1273,0,40,0,0,0,0,00002100
1277,0,41,0,0,0,0,00002100
1281,0,42,0,0,0,0,00002200
1285,0,43,0,0,0,0,00002300
1289,0,44,0,0,0,0,00002400
1293,0,45,0,0,0,0,00002500
1297,0,46,0,0,0,0,00002500
1301,0,47,0,0,0,0,00002600
1305,0,48,0,0,0,0,00002700
1309,0,49,0,0,0,0,00002800
1313,0,50,0,0,0,0,00002900
1317,0,51,0,0,0,0,00002900
1321,0,52,0,0,0,0,00002a00
1325,0,53,0,0,0,0,00002b00
1329,0,54,0,0,0,0,00002c00
1333,0,55,0,0,0,0,00002d00
1337,0,56,0,0,0,0,00002e00
1341,0,57,0,0,0,0,00002e00
1345,0,58,0,0,0,0,00002f00
1349,0,59,0,0,0,0,00003000
1353,0,60,0,0,0,0,00003100
1357,0,61,0,0,0,0,00003200
1361,0,62,0,0,0,0,00003200
1365,0,63,0,0,0,0,00003300
1369,0,64,0,0,0,0,00003400
1373,0,65,0,0,0,0,00003500
1377,0,66,0,0,0,0,00003600
1381,0,67,0,0,0,0,00003700
1385,0,68,0,0,0,0,00003700
1389,0,69,0,0,0,0,00003800
1393,0,70,0,0,0,0,00003900
1397,0,71,0,0,0,0,00003a00
1401,0,72,0,0,0,0,00003b00
1405,0,73,0,0,0,0,00003b00
1409,0,74,0,0,0,0,00003c00
1413,0,75,0,0,0,0,00003d00
1417,0,76,0,0,0,0,00003e00
1421,0,77,0,0,0,0,00003f00
1425,0,78,0,0,0,0,00003f00
1429,0,79,0,0,0,0,00004000
1433,0,80,0,0,0,0,00004100
1437,0,81,0,0,0,0,00004200
1441,0,82,0,0,0,0,00004300
1446,0,83,0,0,0,0,00004400
1448,0,84,0,0,0,0,00004400
1452,0,85,0,0,0,0,00004500
1457,0,86,0,0,0,0,00004600
1461,0,87,0,0,0,0,00004700
1465,0,88,0,0,0,0,00004800
1469,0,89,0,0,0,0,00004800
1473,0,90,0,0,0,0,00004900
1478,0,91,0,0,0,0,00004a00
1481,0,92,0,0,0,0,00004b00
1485,0,93,0,0,0,0,00004c00
1488,0,94,0,0,0,0,00004c00
1492,0,95,0,0,0,0,00004d00
1496,0,96,0,0,0,0,00004e00
1500,0,97,0,0,0,0,00004f00
1504,0,98,0,0,0,0,00005000
1509,0,99,0,0,0,0,00005100
1513,0,100,0,0,0,0,00005100
1517,0,101,0,0,0,0,00005200
1520,0,102,0,0,0,0,00005200
1524,0,103,0,0,0,0,00005200
1528,0,104,0,0,0,0,00005200
1532,0,105,0,0,0,0,00005200
1536,0,106,0,0,0,0,00005200
1541,0,107,0,0,0,0,00005200
1546,0,108,0,0,0,0,00005200
1548,0,109,0,0,0,0,00005200
1553,0,110,0,0,0,0,00005200
1557,0,111,0,0,0,0,00005200
1562,0,112,0,0,0,0,00005200
1564,0,113,0,0,0,0,00005200
1568,0,114,0,0,0,0,00005200
1573,0,115,0,0,0,0,00005200
1576,0,116,0,0,0,0,00005200
1580,0,117,0,0,0,0,00005200
1584,0,118,0,0,0,0,00005200
1589,0,119,0,0,0,0,00005200
1592,0,120,0,0,0,0,00005200
1596,0,121,0,0,0,0,00005200
1600,0,122,0,0,0,0,00005200
1604,0,123,0,0,0,0,00005200
1608,0,124,0,0,0,0,00005200
1613,0,125,0,0,0,0,00005200
1618,0,126,0,0,0,0,00005200
1620,0,127,0,0,0,0,00005200
1625,0,0,-128,0,0,0,000000ae
1629,0,0,-127,0,0,0,000000ae
1633,0,0,-126,0,0,0,000000ae
1637,0,0,-125,0,0,0,000000ae
1641,0,0,-124,0,0,0,000000ae
1646,0,0,-123,0,0,0,000000ae
1648,0,0,-122,0,0,0,000000ae
1653,0,0,-121,0,0,0,000000ae
1656,0,0,-120,0,0,0,000000ae
1660,0,0,-119,0,0,0,000000ae
1664,0,0,-118,0,0,0,000000ae
1668,0,0,-117,0,0,0,000000ae
1672,0,0,-116,0,0,0,000000ae
1677,0,0,-115,0,0,0,000000ae
1681,0,0,-114,0,0,0,000000ae
1685,0,0,-113,0,0,0,000000ae
1689,0,0,-112,0,0,0,000000ae
1693,0,0,-111,0,0,0,000000ae
1697,0,0,-110,0,0,0,000000ae
1701,0,0,-109,0,0,0,000000ae
1705,0,0,-108,0,0,0,000000ae
1709,0,0,-107,0,0,0,000000ae
1713,0,0,-106,0,0,0,000000ae
1718,0,0,-105,0,0,0,000000ae
1720,0,0,-104,0,0,0,000000ae
1724,0,0,-103,0,0,0,000000ae
1728,0,0,-102,0,0,0,000000ae
1732,0,0,-101,0,0,0,000000ae
1736,0,0,-100,0,0,0,000000af
1741,0,0,-99,0,0,0,000000af
1745,0,0,-98,0,0,0,000000b0
1750,0,0,-97,0,0,0,000000b1
1752,0,0,-96,0,0,0,000000b2
1756,0,0,-95,0,0,0,000000b3
1761,0,0,-94,0,0,0,000000b4
1765,0,0,-93,0,0,0,000000b4
1770,0,0,-92,0,0,0,000000b5
1772,0,0,-91,0,0,0,000000b6
1776,0,0,-90,0,0,0,000000b7
1781,0,0,-89,0,0,0,000000b8
1784,0,0,-88,0,0,0,000000b8
1788,0,0,-87,0,0,0,000000b9
1793,0,0,-86,0,0,0,000000ba
1797,0,0,-85,0,0,0,000000bb
1801,0,0,-84,0,0,0,000000bc
1805,0,0,-83,0,0,0,000000bc
1809,0,0,-82,0,0,0,000000bd
1812,0,0,-81,0,0,0,000000be
1816,0,0,-80,0,0,0,000000bf
1820,0,0,-79,0,0,0,000000c0
1825,0,0,-78,0,0,0,000000c1
1829,0,0,-77,0,0,0,000000c1
1833,0,0,-76,0,0,0,000000c2
1837,0,0,-75,0,0,0,000000c3
1841,0,0,-74,0,0,0,000000c4
1845,0,0,-73,0,0,0,000000c5
1849,0,0,-72,0,0,0,000000c5
1853,0,0,-71,0,0,0,000000c6
1857,0,0,-70,0,0,0,000000c7
1861,0,0,-69,0,0,0,000000c8
1865,0,0,-68,0,0,0,000000c9
1869,0,0,-67,0,0,0,000000c9
1873,0,0,-66,0,0,0,000000ca
1876,0,0,-65,0,0,0,000000cb
1881,0,0,-64,0,0,0,000000cc
1885,0,0,-63,0,0,0,000000cd
1889,0,0,-62,0,0,0,000000ce
1893,0,0,-61,0,0,0,000000ce
1897,0,0,-60,0,0,0,000000cf
1901,0,0,-59,0,0,0,000000d0
1906,0,0,-58,0,0,0,000000d1
1908,0,0,-57,0,0,0,000000d2
1912,0,0,-56,0,0,0,000000d2
1916,0,0,-55,0,0,0,000000d3
1920,0,0,-54,0,0,0,000000d4
1924,0,0,-53,0,0,0,000000d5
1929,0,0,-52,0,0,0,000000d6
1933,0,0,-51,0,0,0,000000d7
1937,0,0,-50,0,0,0,000000d7
1941,0,0,-49,0,0,0,000000d8
1945,0,0,-48,0,0,0,000000d9
1948,0,0,-47,0,0,0,000000da
1954,0,0,-46,0,0,0,000000db
1956,0,0,-45,0,0,0,000000db
1961,0,0,-44,0,0,0,000000dc
1965,0,0,-43,0,0,0,000000dd
1969,0,0,-42,0,0,0,000000de
1973,0,0,-41,0,0,0,000000df
1977,0,0,-40,0,0,0,000000df
1981,0,0,-39,0,0,0,000000e0
1985,0,0,-38,0,0,0,000000e1
1990,0,0,-37,0,0,0,000000e2
1993,0,0,-36,0,0,0,000000e3
1997,0,0,-35,0,0,0,000000e4
2000,0,0,-34,0,0,0,000000e4
2004,0,0,-33,0,0,0,000000e5
2008,0,0,-32,0,0,0,000000e6
2012,0,0,-31,0,0,0,000000e7
2016,0,0,-30,0,0,0,000000e8
2021,0,0,-29,0,0,0,000000e8
2025,0,0,-28,0,0,0,000000e9
2029,0,0,-27,0,0,0,000000ea
2033,0,0,-26,0,0,0,000000eb
2037,0,0,-25,0,0,0,000000ec
2042,0,0,-24,0,0,0,000000ec
2044,0,0,-23,0,0,0,000000ed
2048,0,0,-22,0,0,0,000000ee
2052,0,0,-21,0,0,0,000000ef
2056,0,0,-20,0,0,0,000000f0
2060,0,0,-19,0,0,0,000000f1
2064,0,0,-18,0,0,0,000000f1
2068,0,0,-17,0,0,0,000000f2
2072,0,0,-16,0,0,0,000000f3
2076,0,0,-15,0,0,0,000000f4
2080,0,0,-14,0,0,0,000000f5
2084,0,0,-13,0,0,0,000000f5
2088,0,0,-12,0,0,0,000000f6
2093,0,0,-11,0,0,0,000000f7
2097,0,0,-10,0,0,0,000000f8
2101,0,0,-9,0,0,0,000000f9
2105,0,0,-8,0,0,0,000000f9
2109,0,0,-7,0,0,0,000000fa
2113,0,0,-6,0,0,0,000000fb
2117,0,0,-5,0,0,0,000000fc
2121,0,0,-4,0,0,0,000000fd
2125,0,0,-3,0,0,0,000000fe
2129,0,0,-2,0,0,0,000000fe
2133,0,0,-1,0,0,0,000000ff
2137,0,0,0,0,0,0,00000000
2141,0,0,1,0,0,0,00000001
2145,0,0,2,0,0,0,00000002
2149,0,0,3,0,0,0,00000002
2153,0,0,4,0,0,0,00000003
2157,0,0,5,0,0,0,00000004
2161,0,0,6,0,0,0,00000005
2165,0,0,7,0,0,0,00000006
2169,0,0,8,0,0,0,00000007
2173,0,0,9,0,0,0,00000007
2177,0,0,10,0,0,0,00000008
2181,0,0,11,0,0,0,00000009
2185,0,0,12,0,0,0,0000000a
2189,0,0,13,0,0,0,0000000b
2193,0,0,14,0,0,0,0000000b
2197,0,0,15,0,0,0,0000000c
2201,0,0,16,0,0,0,0000000d
2205,0,0,17,0,0,0,0000000e
2209,0,0,18,0,0,0,0000000f
2213,0,0,19,0,0,0,0000000f
2217,0,0,20,0,0,0,00000010
2221,0,0,21,0,0,0,00000011
2225,0,0,22,0,0,0,00000012
2229,0,0,23,0,0,0,00000013
2233,0,0,24,0,0,0,00000014
2237,0,0,25,0,0,0,00000014
2241,0,0,26,0,0,0,00000015
2245,0,0,27,0,0,0,00000016
2249,0,0,28,0,0,0,00000017
2253,0,0,29,0,0,0,00000018
2257,0,0,30,0,0,0,00000018
2260,0,0,31,0,0,0,00000019
2264,0,0,32,0,0,0,0000001a
2268,0,0,33,0,0,0,0000001b
2274,0,0,34,0,0,0,0000001c
2276,0,0,35,0,0,0,0000001c
2281,0,0,36,0,0,0,0000001d
2285,0,0,37,0,0,0,0000001e
2289,0,0,38,0,0,0,0000001f
2293,0,0,39,0,0,0,00000020
2297,0,0,40,0,0,0,00000021
2301,0,0,41,0,0,0,00000021
2305,0,0,42,0,0,0,00000022
2309,0,0,43,0,0,0,00000023
2313,0,0,44,0,0,0,00000024
2317,0,0,45,0,0,0,00000025
2321,0,0,46,0,0,0,00000025
2325,0,0,47,0,0,0,00000026
2329,0,0,48,0,0,0,00000027
2333,0,0,49,0,0,0,00000028
2337,0,0,50,0,0,0,00000029
2341,0,0,51,0,0,0,00000029
2345,0,0,52,0,0,0,0000002a
2349,0,0,53,0,0,0,0000002b
2353,0,0,54,0,0,0,0000002c
2357,0,0,55,0,0,0,0000002d
2361,0,0,56,0,0,0,0000002e
2365,0,0,57,0,0,0,0000002e
2369,0,0,58,0,0,0,0000002f
2373,0,0,59,0,0,0,00000030
2377,0,0,60,0,0,0,00000031
2381,0,0,61,0,0,0,00000032
2385,0,0,62,0,0,0,00000032
2389,0,0,63,0,0,0,00000033
2393,0,0,64,0,0,0,00000034
2397,0,0,65,0,0,0,00000035
2401,0,0,66,0,0,0,00000036
2405,0,0,67,0,0,0,00000037
2409,0,0,68,0,0,0,00000037
2413,0,0,69,0,0,0,00000038
2417,0,0,70,0,0,0,00000039
2421,0,0,71,0,0,0,0000003a
2425,0,0,72,0,0,0,0000003b
2429,0,0,73,0,0,0,0000003b
2433,0,0,74,0,0,0,0000003c
2437,0,0,75,0,0,0,0000003d
2441,0,0,76,0,0,0,0000003e
2445,0,0,77,0,0,0,0000003f
2449,0,0,78,0,0,0,0000003f
2453,0,0,79,0,0,0,00000040
2457,0,0,80,0,0,0,00000041
2461,0,0,81,0,0,0,00000042
2465,0,0,82,0,0,0,00000043
2469,0,0,83,0,0,0,00000044
2473,0,0,84,0,0,0,00000044
2476,0,0,85,0,0,0,00000045
2481,0,0,86,0,0,0,00000046
2485,0,0,87,0,0,0,00000047
2490,0,0,88,0,0,0,00000048
2492,0,0,89,0,0,0,00000048
2496,0,0,90,0,0,0,00000049
2501,0,0,91,0,0,0,0000004a
2505,0,0,92,0,0,0,0000004b
2509,0,0,93,0,0,0,0000004c
2513,0,0,94,0,0,0,0000004c
2517,0,0,95,0,0,0,0000004d
2521,0,0,96,0,0,0,0000004e
2525,0,0,97,0,0,0,0000004f
2529,0,0,98,0,0,0,00000050
2533,0,0,99,0,0,0,00000051
2537,0,0,100,0,0,0,00000051
2541,0,0,101,0,0,0,00000052
2546,0,0,102,0,0,0,00000052
2548,0,0,103,0,0,0,00000052
2552,0,0,104,0,0,0,00000052
2556,0,0,105,0,0,0,00000052
2560,0,0,106,0,0,0,00000052
2564,0,0,107,0,0,0,00000052
2568,0,0,108,0,0,0,00000052
2572,0,0,109,0,0,0,00000052
2576,0,0,110,0,0,0,00000052
2580,0,0,111,0,0,0,00000052
2584,0,0,112,0,0,0,00000052
2588,0,0,113,0,0,0,00000052
2592,0,0,114,0,0,0,00000052
2597,0,0,115,0,0,0,00000052
2601,0,0,116,0,0,0,00000052
2604,0,0,117,0,0,0,00000052
2608,0,0,118,0,0,0,00000052
2612,0,0,119,0,0,0,00000052
2616,0,0,120,0,0,0,00000052
2620,0,0,121,0,0,0,00000052
2624,0,0,122,0,0,0,00000052
2628,0,0,123,0,0,0,00000052
2632,0,0,124,0,0,0,00000052
2636,0,0,125,0,0,0,00000052
2640,0,0,126,0,0,0,00000052
2644,0,0,127,0,0,0,00000052
2649,0,0,0,-128,0,0,00020000
2653,0,0,0,-127,0,0,00020000
2658,0,0,0,-126,0,0,00020000
2661,0,0,0,-125,0,0,00020000
2664,0,0,0,-124,0,0,00020000
2668,0,0,0,-123,0,0,00020000
2672,0,0,0,-122,0,0,00020000
2676,0,0,0,-121,0,0,00020000
2680,0,0,0,-120,0,0,00020000
2684,0,0,0,-119,0,0,00020000
2688,0,0,0,-118,0,0,00020000
2693,0,0,0,-117,0,0,00020000
2697,0,0,0,-116,0,0,00020000
2701,0,0,0,-115,0,0,00020000
2705,0,0,0,-114,0,0,00020000
2710,0,0,0,-113,0,0,00020000
2712,0,0,0,-112,0,0,00020000
2716,0,0,0,-111,0,0,00020000
2720,0,0,0,-110,0,0,00020000
2724,0,0,0,-109,0,0,00020000
2728,0,0,0,-108,0,0,00020000
2733,0,0,0,-107,0,0,00020000
2737,0,0,0,-106,0,0,00020000
2741,0,0,0,-105,0,0,00020000
2745,0,0,0,-104,0,0,00020000
2749,0,0,0,-103,0,0,00020000
2753,0,0,0,-102,0,0,00020000
2757,0,0,0,-101,0,0,00020000
2761,0,0,0,-100,0,0,00020000
2765,0,0,0,-99,0,0,00020000
2769,0,0,0,-98,0,0,00020000
2773,0,0,0,-97,0,0,00020000
2777,0,0,0,-96,0,0,00020000
2781,0,0,0,-95,0,0,00020000
2785,0,0,0,-94,0,0,00020000
2789,0,0,0,-93,0,0,00020000
2793,0,0,0,-92,0,0,00020000
2797,0,0,0,-91,0,0,00020000
2801,0,0,0,-90,0,0,00020000
2805,0,0,0,-89,0,0,00020000
2809,0,0,0,-88,0,0,00020000
2814,0,0,0,-87,0,0,00020000
2816,0,0,0,-86,0,0,00020000
2820,0,0,0,-85,0,0,00020000
2824,0,0,0,-84,0,0,00020000
2828,0,0,0,-83,0,0,00020000
2832,0,0,0,-82,0,0,00020000
2837,0,0,0,-81,0,0,00020000
2842,0,0,0,-80,0,0,00020000
2845,0,0,0,-79,0,0,00020000
2849,0,0,0,-78,0,0,00020000
2853,0,0,0,-77,0,0,00020000
2856,0,0,0,-76,0,0,00020000
2861,0,0,0,-75,0,0,00020000
2866,0,0,0,-74,0,0,00020000
2868,0,0,0,-73,0,0,00020000
2872,0,0,0,-72,0,0,00020000
2877,0,0,0,-71,0,0,00020000
2881,0,0,0,-70,0,0,00020000
2886,0,0,0,-69,0,0,00020000
2888,0,0,0,-68,0,0,00020000
2892,0,0,0,-67,0,0,00020000
2896,0,0,0,-66,0,0,00020000
2900,0,0,0,-65,0,0,00020000
2904,0,0,0,-64,0,0,00020000
2909,0,0,0,-63,0,0,00020000
2913,0,0,0,-62,0,0,00020000
2918,0,0,0,-61,0,0,00020000
2920,0,0,0,-60,0,0,00020000
2924,0,0,0,-59,0,0,00020000
2928,0,0,0,-58,0,0,00020000
2932,0,0,0,-57,0,0,00020000
2936,0,0,0,-56,0,0,00020000
2940,0,0,0,-55,0,0,00020000
2944,0,0,0,-54,0,0,00020000
2948,0,0,0,-53,0,0,00020000
2952,0,0,0,-52,0,0,00020000
2956,0,0,0,-51,0,0,00020000
2960,0,0,0,-50,0,0,00020000
2964,0,0,0,-49,0,0,00020000
2968,0,0,0,-48,0,0,00000000
2972,0,0,0,-47,0,0,00000000
2976,0,0,0,-46,0,0,00000000
2981,0,0,0,-45,0,0,00000000
2985,0,0,0,-44,0,0,00000000
2989,0,0,0,-43,0,0,00000000
2992,0,0,0,-42,0,0,00000000
2996,0,0,0,-41,0,0,00000000
3001,0,0,0,-40,0,0,00000000
3005,0,0,0,-39,0,0,00000000
3009,0,0,0,-38,0,0,00000000
3012,0,0,0,-37,0,0,00000000
3016,0,0,0,-36,0,0,00000000
3020,0,0,0,-35,0,0,00000000
3025,0,0,0,-34,0,0,00000000
3029,0,0,0,-33,0,0,00000000
3033,0,0,0,-32,0,0,00000000
3037,0,0,0,-31,0,0,00000000
3041,0,0,0,-30,0,0,00000000
3044,0,0,0,-29,0,0,00000000
3048,0,0,0,-28,0,0,00000000
3052,0,0,0,-27,0,0,00000000
3056,0,0,0,-26,0,0,00000000
3060,0,0,0,-25,0,0,00000000
3065,0,0,0,-24,0,0,00000000
3069,0,0,0,-23,0,0,00000000
3074,0,0,0,-22,0,0,00000000
3076,0,0,0,-21,0,0,00000000
3082,0,0,0,-20,0,0,00000000
3084,0,0,0,-19,0,0,00000000
3088,0,0,0,-18,0,0,00000000
3092,0,0,0,-17,0,0,00000000
3097,0,0,0,-16,0,0,00000000
3101,0,0,0,-15,0,0,00000000
3106,0,0,0,-14,0,0,00000000
3108,0,0,0,-13,0,0,00000000
3112,0,0,0,-12,0,0,00000000
3117,0,0,0,-11,0,0,00000000
3121,0,0,0,-10,0,0,00000000
3125,0,0,0,-9,0,0,00000000
3129,0,0,0,-8,0,0,00000000
3133,0,0,0,-7,0,0,00000000
3136,0,0,0,-6,0,0,00000000
3141,0,0,0,-5,0,0,00000000
3145,0,0,0,-4,0,0,00000000
3148,0,0,0,-3,0,0,00000000
3152,0,0,0,-2,0,0,00000000
3156,0,0,0,-1,0,0,00000000
3161,0,0,0,0,0,0,00000000
3165,0,0,0,1,0,0,00000000
3169,0,0,0,2,0,0,00000000
3173,0,0,0,3,0,0,00000000
3176,0,0,0,4,0,0,00000000
3181,0,0,0,5,0,0,00000000
3185,0,0,0,6,0,0,00000000
3189,0,0,0,7,0,0,00000000
3193,0,0,0,8,0,0,00000000
3197,0,0,0,9,0,0,00000000
3200,0,0,0,10,0,0,00000000
3205,0,0,0,11,0,0,00000000
3208,0,0,0,12,0,0,00000000
3213,0,0,0,13,0,0,00000000
3216,0,0,0,14,0,0,00000000
3221,0,0,0,15,0,0,00000000
3226,0,0,0,16,0,0,00000000
3228,0,0,0,17,0,0,00000000
3232,0,0,0,18,0,0,00000000
3236,0,0,0,19,0,0,00000000
3240,0,0,0,20,0,0,00000000
3245,0,0,0,21,0,0,00000000
3248,0,0,0,22,0,0,00000000
3252,0,0,0,23,0,0,00000000
3256,0,0,0,24,0,0,00000000
3260,0,0,0,25,0,0,00000000
3264,0,0,0,26,0,0,00000000
3268,0,0,0,27,0,0,00000000
3272,0,0,0,28,0,0,00000000
3276,0,0,0,29,0,0,00000000
3280,0,0,0,30,0,0,00000000
3284,0,0,0,31,0,0,00000000
3288,0,0,0,32,0,0,00000000
3292,0,0,0,33,0,0,00000000
3296,0,0,0,34,0,0,00000000
3300,0,0,0,35,0,0,00000000
3305,0,0,0,36,0,0,00000000
3309,0,0,0,37,0,0,00000000
3313,0,0,0,38,0,0,00000000
3317,0,0,0,39,0,0,00000000
3321,0,0,0,40,0,0,00000000
3326,0,0,0,41,0,0,00000000
3329,0,0,0,42,0,0,00000000
3334,0,0,0,43,0,0,00000000
3336,0,0,0,44,0,0,00000000
3341,0,0,0,45,0,0,00000000
3345,0,0,0,46,0,0,00000000
3349,0,0,0,47,0,0,00000000
3353,0,0,0,48,0,0,00000000
3356,0,0,0,49,0,0,00010000
3361,0,0,0,50,0,0,00010000
3365,0,0,0,51,0,0,00010000
3369,0,0,0,52,0,0,00010000
3373,0,0,0,53,0,0,00010000
3377,0,0,0,54,0,0,00010000
3381,0,0,0,55,0,0,00010000
3385,0,0,0,56,0,0,00010000
3389,0,0,0,57,0,0,00010000
3393,0,0,0,58,0,0,00010000
3397,0,0,0,59,0,0,00010000
3401,0,0,0,60,0,0,00010000
3404,0,0,0,61,0,0,00010000
3409,0,0,0,62,0,0,00010000
3413,0,0,0,63,0,0,00010000
3417,0,0,0,64,0,0,00010000
3421,0,0,0,65,0,0,00010000
3425,0,0,0,66,0,0,00010000
3428,0,0,0,67,0,0,00010000
3433,0,0,0,68,0,0,00010000
3437,0,0,0,69,0,0,00010000
3440,0,0,0,70,0,0,00010000
3444,0,0,0,71,0,0,00010000
3450,0,0,0,72,0,0,00010000
3452,0,0,0,73,0,0,00010000
3456,0,0,0,74,0,0,00010000
3460,0,0,0,75,0,0,00010000
3464,0,0,0,76,0,0,00010000
3468,0,0,0,77,0,0,00010000
3473,0,0,0,78,0,0,00010000
3477,0,0,0,79,0,0,00010000
3482,0,0,0,80,0,0,00010000
3484,0,0,0,81,0,0,00010000
3488,0,0,0,82,0,0,00010000
3493,0,0,0,83,0,0,00010000
3496,0,0,0,84,0,0,00010000
3500,0,0,0,85,0,0,00010000
3504,0,0,0,86,0,0,00010000
3508,0,0,0,87,0,0,00010000
3512,0,0,0,88,0,0,00010000
3516,0,0,0,89,0,0,00010000
3520,0,0,0,90,0,0,00010000
3524,0,0,0,91,0,0,00010000
3529,0,0,0,92,0,0,00010000
3534,0,0,0,93,0,0,00010000
3536,0,0,0,94,0,0,00010000
3540,0,0,0,95,0,0,00010000
3545,0,0,0,96,0,0,00010000
3549,0,0,0,97,0,0,00010000
3554,0,0,0,98,0,0,00010000
3556,0,0,0,99,0,0,00010000
3560,0,0,0,100,0,0,00010000
3564,0,0,0,101,0,0,00010000
3569,0,0,0,102,0,0,00010000
3573,0,0,0,103,0,0,00010000
3576,0,0,0,104,0,0,00010000
3581,0,0,0,105,0,0,00010000
3586,0,0,0,106,0,0,00010000
3588,0,0,0,107,0,0,00010000
3592,0,0,0,108,0,0,00010000
3597,0,0,0,109,0,0,00010000
3601,0,0,0,110,0,0,00010000
3605,0,0,0,111,0,0,00010000
3609,0,0,0,112,0,0,00010000
3613,0,0,0,113,0,0,00010000
3617,0,0,0,114,0,0,00010000
3621,0,0,0,115,0,0,00010000
3625,0,0,0,116,0,0,00010000
3629,0,0,0,117,0,0,00010000
3633,0,0,0,118,0,0,00010000
3638,0,0,0,119,0,0,00010000
3640,0,0,0,120,0,0,00010000
3644,0,0,0,121,0,0,00010000
3649,0,0,0,122,0,0,00010000
3653,0,0,0,123,0,0,00010000
3657,0,0,0,124,0,0,00010000
3660,0,0,0,125,0,0,00010000
3665,0,0,0,126,0,0,00010000
3670,0,0,0,127,0,0,00010000
3672,0,0,0,0,-128,0,00040000
3676,0,0,0,0,-127,0,00040000
3681,0,0,0,0,-126,0,00040000
3685,0,0,0,0,-125,0,00040000
3690,0,0,0,0,-124,0,00040000
3692,0,0,0,0,-123,0,00040000
3698,0,0,0,0,-122,0,00040000
3701,0,0,0,0,-121,0,00040000
3705,0,0,0,0,-120,0,00040000
3709,0,0,0,0,-119,0,00040000
3713,0,0,0,0,-118,0,00040000
3717,0,0,0,0,-117,0,00040000
3722,0,0,0,0,-116,0,00040000
3724,0,0,0,0,-115,0,00040000
3728,0,0,0,0,-114,0,00040000
3733,0,0,0,0,-113,0,00040000
3737,0,0,0,0,-112,0,00040000
3740,0,0,0,0,-111,0,00040000
3746,0,0,0,0,-110,0,00040000
3748,0,0,0,0,-109,0,00040000
3753,0,0,0,0,-108,0,00040000
3758,0,0,0,0,-107,0,00040000
3760,0,0,0,0,-106,0,00040000
3765,0,0,0,0,-105,0,00040000
3769,0,0,0,0,-104,0,00040000
3774,0,0,0,0,-103,0,00040000
3776,0,0,0,0,-102,0,00040000
3780,0,0,0,0,-101,0,00040000
3785,0,0,0,0,-100,0,00040000
3789,0,0,0,0,-99,0,00040000
3793,0,0,0,0,-98,0,00040000
3797,0,0,0,0,-97,0,00040000
3801,0,0,0,0,-96,0,00040000
3806,0,0,0,0,-95,0,00040000
3808,0,0,0,0,-94,0,00040000
3812,0,0,0,0,-93,0,00040000
3817,0,0,0,0,-92,0,00040000
3821,0,0,0,0,-91,0,00040000
3826,0,0,0,0,-90,0,00040000
3828,0,0,0,0,-89,0,00040000
3832,0,0,0,0,-88,0,00040000
3837,0,0,0,0,-87,0,00040000
3840,0,0,0,0,-86,0,00040000
3845,0,0,0,0,-85,0,00040000
3849,0,0,0,0,-84,0,00040000
3853,0,0,0,0,-83,0,00040000
3857,0,0,0,0,-82,0,00040000
3861,0,0,0,0,-81,0,00040000
3865,0,0,0,0,-80,0,00040000
3868,0,0,0,0,-79,0,00040000
3873,0,0,0,0,-78,0,00040000
3878,0,0,0,0,-77,0,00040000
3881,0,0,0,0,-76,0,00040000
3884,0,0,0,0,-75,0,00040000
3889,0,0,0,0,-74,0,00040000
3894,0,0,0,0,-73,0,00040000
3896,0,0,0,0,-72,0,00040000
3901,0,0,0,0,-71,0,00040000
3905,0,0,0,0,-70,0,00040000
3910,0,0,0,0,-69,0,00040000
3912,0,0,0,0,-68,0,00040000
3916,0,0,0,0,-67,0,00040000
3920,0,0,0,0,-66,0,00040000
3924,0,0,0,0,-65,0,00040000
3928,0,0,0,0,-64,0,00040000
3933,0,0,0,0,-63,0,00040000
3937,0,0,0,0,-62,0,00040000
3941,0,0,0,0,-61,0,00040000
3945,0,0,0,0,-60,0,00040000
3949,0,0,0,0,-59,0,00040000
3952,0,0,0,0,-58,0,00040000
3956,0,0,0,0,-57,0,00040000
3962,0,0,0,0,-56,0,00040000
3965,0,0,0,0,-55,0,00040000
3969,0,0,0,0,-54,0,00040000
3972,0,0,0,0,-53,0,00040000
3977,0,0,0,0,-52,0,00040000
3980,0,0,0,0,-51,0,00040000
3986,0,0,0,0,-50,0,00040000
3988,0,0,0,0,-49,0,00040000
3994,0,0,0,0,-48,0,00000000
3997,0,0,0,0,-47,0,00000000
4000,0,0,0,0,-46,0,00000000
4005,0,0,0,0,-45,0,00000000
4008,0,0,0,0,-44,0,00000000
4014,0,0,0,0,-43,0,00000000
4017,0,0,0,0,-42,0,00000000
4020,0,0,0,0,-41,0,00000000
4025,0,0,0,0,-40,0,00000000
4029,0,0,0,0,-39,0,00000000
4033,0,0,0,0,-38,0,00000000
4036,0,0,0,0,-37,0,00000000
4040,0,0,0,0,-36,0,00000000
4045,0,0,0,0,-35,0,00000000
4049,0,0,0,0,-34,0,00000000
4054,0,0,0,0,-33,0,00000000
4056,0,0,0,0,-32,0,00000000
4062,0,0,0,0,-31,0,00000000
4065,0,0,0,0,-30,0,00000000
4069,0,0,0,0,-29,0,00000000
4073,0,0,0,0,-28,0,00000000
4076,0,0,0,0,-27,0,00000000
4081,0,0,0,0,-26,0,00000000
4085,0,0,0,0,-25,0,00000000
4089,0,0,0,0,-24,0,00000000
4093,0,0,0,0,-23,0,00000000
4098,0,0,0,0,-22,0,00000000
4100,0,0,0,0,-21,0,00000000
4104,0,0,0,0,-20,0,00000000
4108,0,0,0,0,-19,0,00000000
4112,0,0,0,0,-18,0,00000000
4116,0,0,0,0,-17,0,00000000
4121,0,0,0,0,-16,0,00000000
4125,0,0,0,0,-15,0,00000000
4128,0,0,0,0,-14,0,00000000
4132,0,0,0,0,-13,0,00000000
4136,0,0,0,0,-12,0,00000000
4141,0,0,0,0,-11,0,00000000
4146,0,0,0,0,-10,0,00000000
4148,0,0,0,0,-9,0,00000000
4153,0,0,0,0,-8,0,00000000
4157,0,0,0,0,-7,0,00000000
4160,0,0,0,0,-6,0,00000000
4165,0,0,0,0,-5,0,00000000
4169,0,0,0,0,-4,0,00000000
4173,0,0,0,0,-3,0,00000000
4177,0,0,0,0,-2,0,00000000
4181,0,0,0,0,-1,0,00000000
4185,0,0,0,0,0,0,00000000
4189,0,0,0,0,1,0,00000000
4193,0,0,0,0,2,0,00000000
4197,0,0,0,0,3,0,00000000
4202,0,0,0,0,4,0,00000000
4205,0,0,0,0,5,0,00000000
4208,0,0,0,0,6,0,00000000
4212,0,0,0,0,7,0,00000000
4216,0,0,0,0,8,0,00000000
4220,0,0,0,0,9,0,00000000
4225,0,0,0,0,10,0,00000000
4228,0,0,0,0,11,0,00000000
4232,0,0,0,0,12,0,00000000
4236,0,0,0,0,13,0,00000000
4240,0,0,0,0,14,0,00000000
4245,0,0,0,0,15,0,00000000
4249,0,0,0,0,16,0,00000000
4253,0,0,0,0,17,0,00000000
4257,0,0,0,0,18,0,00000000
4261,0,0,0,0,19,0,00000000
4264,0,0,0,0,20,0,00000000
4268,0,0,0,0,21,0,00000000
4273,0,0,0,0,22,0,00000000
4277,0,0,0,0,23,0,00000000
4281,0,0,0,0,24,0,00000000
4285,0,0,0,0,25,0,00000000
4290,0,0,0,0,26,0,00000000
4292,0,0,0,0,27,0,00000000
4296,0,0,0,0,28,0,00000000
4300,0,0,0,0,29,0,00000000
4304,0,0,0,0,30,0,00000000
4309,0,0,0,0,31,0,00000000
4313,0,0,0,0,32,0,00000000
4317,0,0,0,0,33,0,00000000
4321,0,0,0,0,34,0,00000000
4325,0,0,0,0,35,0,00000000
4329,0,0,0,0,36,0,00000000
4333,0,0,0,0,37,0,00000000
4338,0,0,0,0,38,0,00000000
4340,0,0,0,0,39,0,00000000
4345,0,0,0,0,40,0,00000000
4348,0,0,0,0,41,0,00000000
4352,0,0,0,0,42,0,00000000
4357,0,0,0,0,43,0,00000000
4360,0,0,0,0,44,0,00000000
4365,0,0,0,0,45,0,00000000
4368,0,0,0,0,46,0,00000000
4372,0,0,0,0,47,0,00000000
4376,0,0,0,0,48,0,00000000
4381,0,0,0,0,49,0,00080000
4385,0,0,0,0,50,0,00080000
4390,0,0,0,0,51,0,00080000
4392,0,0,0,0,52,0,00080000
4396,0,0,0,0,53,0,00080000
4400,0,0,0,0,54,0,00080000
4404,0,0,0,0,55,0,00080000
4408,0,0,0,0,56,0,00080000
4413,0,0,0,0,57,0,00080000
4417,0,0,0,0,58,0,00080000
4422,0,0,0,0,59,0,00080000
4424,0,0,0,0,60,0,00080000
4429,0,0,0,0,61,0,00080000
4433,0,0,0,0,62,0,00080000
4437,0,0,0,0,63,0,00080000
4442,0,0,0,0,64,0,00080000
4444,0,0,0,0,65,0,00080000
4448,0,0,0,0,66,0,00080000
4452,0,0,0,0,67,0,00080000
4456,0,0,0,0,68,0,00080000
4460,0,0,0,0,69,0,00080000
4465,0,0,0,0,70,0,00080000
4469,0,0,0,0,71,0,00080000
4474,0,0,0,0,72,0,00080000
4476,0,0,0,0,73,0,00080000
4481,0,0,0,0,74,0,00080000
4486,0,0,0,0,75,0,00080000
4488,0,0,0,0,76,0,00080000
4492,0,0,0,0,77,0,00080000
4497,0,0,0,0,78,0,00080000
4501,0,0,0,0,79,0,00080000
4504,0,0,0,0,80,0,00080000
4508,0,0,0,0,81,0,00080000
4514,0,0,0,0,82,0,00080000
4517,0,0,0,0,83,0,00080000
4521,0,0,0,0,84,0,00080000
4525,0,0,0,0,85,0,00080000
4529,0,0,0,0,86,0,00080000
4533,0,0,0,0,87,0,00080000
4536,0,0,0,0,88,0,00080000
4541,0,0,0,0,89,0,00080000
4544,0,0,0,0,90,0,00080000
4548,0,0,0,0,91,0,00080000
4553,0,0,0,0,92,0,00080000
4557,0,0,0,0,93,0,00080000
4561,0,0,0,0,94,0,00080000
4565,0,0,0,0,95,0,00080000
4570,0,0,0,0,96,0,00080000
4572,0,0,0,0,97,0,00080000
4576,0,0,0,0,98,0,00080000
4580,0,0,0,0,99,0,00080000
4584,0,0,0,0,100,0,00080000
4588,0,0,0,0,101,0,00080000
4592,0,0,0,0,102,0,00080000
4596,0,0,0,0,103,0,00080000
4600,0,0,0,0,104,0,00080000
4604,0,0,0,0,105,0,00080000
4608,0,0,0,0,106,0,00080000
4612,0,0,0,0,107,0,00080000
4616,0,0,0,0,108,0,00080000
4620,0,0,0,0,109,0,00080000
4624,0,0,0,0,110,0,00080000
4629,0,0,0,0,111,0,00080000
4633,0,0,0,0,112,0,00080000
4637,0,0,0,0,113,0,00080000
4641,0,0,0,0,114,0,00080000
4645,0,0,0,0,115,0,00080000
4650,0,0,0,0,116,0,00080000
4652,0,0,0,0,117,0,00080000
4656,0,0,0,0,118,0,00080000
4661,0,0,0,0,119,0,00080000
4665,0,0,0,0,120,0,00080000
4669,0,0,0,0,121,0,00080000
4673,0,0,0,0,122,0,00080000
4677,0,0,0,0,123,0,00080000
4682,0,0,0,0,124,0,00080000
4684,0,0,0,0,125,0,00080000
4688,0,0,0,0,126,0,00080000
4692,0,0,0,0,127,0,00080000
4696,0,101,0,0,0,0,00005200
4700,0,100,2,0,0,0,00005202
4704,0,99,3,0,0,0,00005102
4708,0,99,5,0,0,0,00005104
4712,0,98,7,0,0,0,00005106
4716,0,97,9,0,0,0,00005107
4720,0,97,10,0,0,0,00005108
4724,0,96,12,0,0,0,0000500a
4728,0,95,13,0,0,0,0000500b
4732,0,95,15,0,0,0,0000500d
4736,0,94,17,0,0,0,00004f0e
4740,0,93,18,0,0,0,00004f0f
4744,0,93,20,0,0,0,00004f11
4748,0,92,21,0,0,0,00004f12
4752,0,91,23,0,0,0,00004e14
4757,0,91,24,0,0,0,00004e15
4761,0,90,26,0,0,0,00004e17
4765,0,89,27,0,0,0,00004d17
4769,0,89,29,0,0,0,00004d19
4773,0,88,30,0,0,0,00004d1a
4776,0,88,32,0,0,0,00004d1c
4780,0,87,33,0,0,0,00004d1d
4784,0,86,35,0,0,0,00004c1f
4788,0,86,36,0,0,0,00004c20
4792,0,85,38,0,0,0,00004c22
4796,0,84,39,0,0,0,00004b23
4800,0,84,41,0,0,0,00004b25
4804,0,83,42,0,0,0,00004b26
4808,0,83,44,0,0,0,00004b28
4812,0,82,45,0,0,0,00004b29
4816,0,81,47,0,0,0,00004a2b
4821,0,81,48,0,0,0,00004a2c
4825,0,80,50,0,0,0,00004a2e
4828,0,79,52,0,0,0,00004930
4833,0,79,53,0,0,0,00004931
4838,0,78,55,0,0,0,00004933
4840,0,77,56,0,0,0,00004834
4844,0,77,58,0,0,0,00004836
4849,0,76,59,0,0,0,00004838
4853,0,75,61,0,0,0,0000473a
4857,0,75,63,0,0,0,0000473c
4861,0,74,64,0,0,0,0000473d
4865,0,73,66,0,0,0,00004640
4869,0,73,68,0,0,0,00004641
4873,0,72,70,0,0,0,00004644
4877,0,71,71,0,0,0,00004545
4880,0,70,72,0,0,0,00004446
4884,0,68,73,0,0,0,00004146
4890,0,66,73,0,0,0,00004046
4892,0,64,74,0,0,0,00003d47
4896,0,63,75,0,0,0,00003c47
4900,0,61,75,0,0,0,00003a47
4904,0,59,76,0,0,0,00003848
4908,0,58,77,0,0,0,00003648
4913,0,56,77,0,0,0,00003448
4917,0,55,78,0,0,0,00003349
4922,0,53,79,0,0,0,00003149
4924,0,52,79,0,0,0,00003049
4928,0,50,80,0,0,0,00002e4a
4932,0,48,81,0,0,0,00002c4a
4936,0,47,81,0,0,0,00002b4a
4940,0,45,82,0,0,0,0000294b
4944,0,44,83,0,0,0,0000284b
4948,0,42,83,0,0,0,0000264b
4953,0,41,84,0,0,0,0000254b
4956,0,39,84,0,0,0,0000234b
4960,0,38,85,0,0,0,0000224c
4965,0,36,86,0,0,0,0000204c
4969,0,35,86,0,0,0,00001f4c
4973,0,33,87,0,0,0,00001d4d
4977,0,32,88,0,0,0,00001c4d
4981,0,30,88,0,0,0,00001a4d
4984,0,29,89,0,0,0,0000194d
4988,0,27,89,0,0,0,0000174d
4992,0,26,90,0,0,0,0000174e
4997,0,24,91,0,0,0,0000154e
5001,0,23,91,0,0,0,0000144e
5005,0,21,92,0,0,0,0000124f
5009,0,20,93,0,0,0,0000114f
5013,0,18,93,0,0,0,00000f4f
5016,0,17,94,0,0,0,00000e4f
5020,0,15,95,0,0,0,00000d50
5024,0,13,95,0,0,0,00000b50
5028,0,12,96,0,0,0,00000a50
5032,0,10,97,0,0,0,00000851
5036,0,9,97,0,0,0,00000751
5040,0,7,98,0,0,0,00000651
5044,0,5,99,0,0,0,00000451
5048,0,3,99,0,0,0,00000251
5052,0,2,100,0,0,0,00000252
5056,0,0,101,0,0,0,00000052
5060,0,-2,100,0,0,0,0000fe52
5064,0,-3,99,0,0,0,0000fe51
5068,0,-5,99,0,0,0,0000fc51
5072,0,-7,98,0,0,0,0000fa51
5076,0,-9,97,0,0,0,0000f951
5080,0,-10,97,0,0,0,0000f851
5084,0,-12,96,0,0,0,0000f650
5088,0,-13,95,0,0,0,0000f550
5092,0,-15,95,0,0,0,0000f350
5096,0,-17,94,0,0,0,0000f24f
5101,0,-18,93,0,0,0,0000f14f
5105,0,-20,93,0,0,0,0000ef4f
5110,0,-21,92,0,0,0,0000ee4f
5112,0,-23,91,0,0,0,0000ec4e
5116,0,-24,91,0,0,0,0000eb4e
5120,0,-26,90,0,0,0,0000e94e
5125,0,-27,89,0,0,0,0000e94d
5129,0,-29,89,0,0,0,0000e74d
5133,0,-30,88,0,0,0,0000e64d
5137,0,-32,88,0,0,0,0000e44d
5140,0,-33,87,0,0,0,0000e34d
5144,0,-35,86,0,0,0,0000e14c
5148,0,-36,86,0,0,0,0000e04c
5154,0,-38,85,0,0,0,0000de4c
5156,0,-39,84,0,0,0,0000dd4b
5161,0,-41,84,0,0,0,0000db4b
5164,0,-42,83,0,0,0,0000da4b
5169,0,-44,83,0,0,0,0000d84b
5172,0,-45,82,0,0,0,0000d74b
5176,0,-47,81,0,0,0,0000d54a
5180,0,-48,81,0,0,0,0000d44a
5185,0,-50,80,0,0,0,0000d24a
5189,0,-52,79,0,0,0,0000d049
5192,0,-53,79,0,0,0,0000cf49
5196,0,-55,78,0,0,0,0000cd49
5200,0,-56,77,0,0,0,0000cc48
5204,0,-58,77,0,0,0,0000ca48
5208,0,-59,76,0,0,0,0000c848
5212,0,-61,75,0,0,0,0000c647
5217,0,-63,75,0,0,0,0000c447
5220,0,-64,74,0,0,0,0000c347
5225,0,-66,73,0,0,0,0000c046
5229,0,-68,73,0,0,0,0000bf46
5233,0,-70,72,0,0,0,0000bc46
5236,0,-71,71,0,0,0,0000bb45
5240,0,-72,70,0,0,0,0000ba44
5245,0,-73,68,0,0,0,0000ba41
5249,0,-73,66,0,0,0,0000ba40
5253,0,-74,64,0,0,0,0000b93d
5256,0,-75,63,0,0,0,0000b93c
5260,0,-75,61,0,0,0,0000b93a
5264,0,-76,59,0,0,0,0000b838
5268,0,-77,58,0,0,0,0000b836
5272,0,-77,56,0,0,0,0000b834
5276,0,-78,55,0,0,0,0000b733
5280,0,-79,53,0,0,0,0000b731
5284,0,-79,52,0,0,0,0000b730
5289,0,-80,50,0,0,0,0000b62e
5293,0,-81,48,0,0,0,0000b62c
5297,0,-81,47,0,0,0,0000b62b
5301,0,-82,45,0,0,0,0000b529
5305,0,-83,44,0,0,0,0000b528
5309,0,-83,42,0,0,0,0000b526
5313,0,-84,41,0,0,0,0000b525
5317,0,-84,39,0,0,0,0000b523
5321,0,-85,38,0,0,0,0000b422
5325,0,-86,36,0,0,0,0000b420
5329,0,-86,35,0,0,0,0000b41f
5333,0,-87,33,0,0,0,0000b31d
5337,0,-88,32,0,0,0,0000b31c
5341,0,-88,30,0,0,0,0000b31a
5345,0,-89,29,0,0,0,0000b319
5350,0,-89,27,0,0,0,0000b317
5352,0,-90,26,0,0,0,0000b217
5356,0,-91,24,0,0,0,0000b215
5361,0,-91,23,0,0,0,0000b214
5365,0,-92,21,0,0,0,0000b112
5369,0,-93,20,0,0,0,0000b111
5373,0,-93,18,0,0,0,0000b10f
5377,0,-94,17,0,0,0,0000b10e
5381,0,-95,15,0,0,0,0000b00d
5385,0,-95,13,0,0,0,0000b00b
5389,0,-96,12,0,0,0,0000b00a
5393,0,-97,10,0,0,0,0000af08
5397,0,-97,9,0,0,0,0000af07
5402,0,-98,7,0,0,0,0000af06
5404,0,-99,5,0,0,0,0000af04
5408,0,-99,3,0,0,0,0000af02
5412,0,-100,2,0,0,0,0000ae02
5416,0,-101,0,0,0,0,0000ae00
5420,0,-100,-2,0,0,0,0000aefe
5425,0,-99,-3,0,0,0,0000affe
5428,0,-99,-5,0,0,0,0000affc
5433,0,-98,-7,0,0,0,0000affa
5437,0,-97,-9,0,0,0,0000aff9
5442,0,-97,-10,0,0,0,0000aff8
5445,0,-96,-12,0,0,0,0000b0f6
5450,0,-95,-13,0,0,0,0000b0f5
5452,0,-95,-15,0,0,0,0000b0f3
5457,0,-94,-17,0,0,0,0000b1f2
5461,0,-93,-18,0,0,0,0000b1f1
5465,0,-93,-20,0,0,0,0000b1ef
5469,0,-92,-21,0,0,0,0000b1ee
5473,0,-91,-23,0,0,0,0000b2ec
5477,0,-91,-24,0,0,0,0000b2eb
5481,0,-90,-26,0,0,0,0000b2e9
5486,0,-89,-27,0,0,0,0000b3e9
5488,0,-89,-29,0,0,0,0000b3e7
5492,0,-88,-30,0,0,0,0000b3e6
5497,0,-88,-32,0,0,0,0000b3e4
5501,0,-87,-33,0,0,0,0000b3e3
5506,0,-86,-35,0,0,0,0000b4e1
5509,0,-86,-36,0,0,0,0000b4e0
5514,0,-85,-38,0,0,0,0000b4de
5516,0,-84,-39,0,0,0,0000b5dd
5521,0,-84,-41,0,0,0,0000b5db
5524,0,-83,-42,0,0,0,0000b5da
5529,0,-83,-44,0,0,0,0000b5d8
5532,0,-82,-45,0,0,0,0000b5d7
5537,0,-81,-47,0,0,0,0000b6d5
5541,0,-81,-48,0,0,0,0000b6d4
5545,0,-80,-50,0,0,0,0000b6d2
5549,0,-79,-52,0,0,0,0000b7d0
5553,0,-79,-53,0,0,0,0000b7cf
5557,0,-78,-55,0,0,0,0000b7cd
5561,0,-77,-56,0,0,0,0000b8cc
5565,0,-77,-58,0,0,0,0000b8ca
5570,0,-76,-59,0,0,0,0000b8c8
5572,0,-75,-61,0,0,0,0000b9c6
5577,0,-75,-63,0,0,0,0000b9c4
5580,0,-74,-64,0,0,0,0000b9c3
5584,0,-73,-66,0,0,0,0000bac0
5590,0,-73,-68,0,0,0,0000babf
5592,0,-72,-70,0,0,0,0000babc
5597,0,-71,-71,0,0,0,0000bbbb
5600,0,-70,-72,0,0,0,0000bcba
5605,0,-68,-73,0,0,0,0000bfba
5609,0,-66,-73,0,0,0,0000c0ba
5612,0,-64,-74,0,0,0,0000c3b9
5616,0,-63,-75,0,0,0,0000c4b9
5620,0,-61,-75,0,0,0,0000c6b9
5624,0,-59,-76,0,0,0,0000c8b8
5628,0,-58,-77,0,0,0,0000cab8
5632,0,-56,-77,0,0,0,0000ccb8
5636,0,-55,-78,0,0,0,0000cdb7
5640,0,-53,-79,0,0,0,0000cfb7
5644,0,-52,-79,0,0,0,0000d0b7
5648,0,-50,-80,0,0,0,0000d2b6
5653,0,-48,-81,0,0,0,0000d4b6
5657,0,-47,-81,0,0,0,0000d5b6
5661,0,-45,-82,0,0,0,0000d7b5
5665,0,-44,-83,0,0,0,0000d8b5
5669,0,-42,-83,0,0,0,0000dab5
5674,0,-41,-84,0,0,0,0000dbb5
5676,0,-39,-84,0,0,0,0000ddb5
5681,0,-38,-85,0,0,0,0000deb4
5684,0,-36,-86,0,0,0,0000e0b4
5688,0,-35,-86,0,0,0,0000e1b4
5692,0,-33,-87,0,0,0,0000e3b3
5697,0,-32,-88,0,0,0,0000e4b3
5701,0,-30,-88,0,0,0,0000e6b3
5705,0,-29,-89,0,0,0,0000e7b3
5709,0,-27,-89,0,0,0,0000e9b3
5713,0,-26,-90,0,0,0,0000e9b2
5717,0,-24,-91,0,0,0,0000ebb2
5721,0,-23,-91,0,0,0,0000ecb2
5725,0,-21,-92,0,0,0,0000eeb1
5729,0,-20,-93,0,0,0,0000efb1
5733,0,-18,-93,0,0,0,0000f1b1
5736,0,-17,-94,0,0,0,0000f2b1
5740,0,-15,-95,0,0,0,0000f3b0
5744,0,-13,-95,0,0,0,0000f5b0
5749,0,-12,-96,0,0,0,0000f6b0
5753,0,-10,-97,0,0,0,0000f8af
5756,0,-9,-97,0,0,0,0000f9af
5761,0,-7,-98,0,0,0,0000faaf
5765,0,-5,-99,0,0,0,0000fcaf
5769,0,-3,-99,0,0,0,0000feaf
5773,0,-2,-100,0,0,0,0000feae
5778,0,0,-101,0,0,0,000000ae
5780,0,2,-100,0,0,0,000002ae
5784,0,3,-99,0,0,0,000002af
5789,0,5,-99,0,0,0,000004af
5793,0,7,-98,0,0,0,000006af
5797,0,9,-97,0,0,0,000007af
5801,0,10,-97,0,0,0,000008af
5805,0,12,-96,0,0,0,00000ab0
5809,0,13,-95,0,0,0,00000bb0
5813,0,15,-95,0,0,0,00000db0
5817,0,17,-94,0,0,0,00000eb1
5820,0,18,-93,0,0,0,00000fb1
5824,0,20,-93,0,0,0,000011b1
5828,0,21,-92,0,0,0,000012b1
5832,0,23,-91,0,0,0,000014b2
5837,0,24,-91,0,0,0,000015b2
5841,0,26,-90,0,0,0,000017b2
5845,0,27,-89,0,0,0,000017b3
5848,0,29,-89,0,0,0,000019b3
5853,0,30,-88,0,0,0,00001ab3
5857,0,32,-88,0,0,0,00001cb3
5862,0,33,-87,0,0,0,00001db3
5865,0,35,-86,0,0,0,00001fb4
5869,0,36,-86,0,0,0,000020b4
5872,0,38,-85,0,0,0,000022b4
5876,0,39,-84,0,0,0,000023b5
5880,0,41,-84,0,0,0,000025b5
5884,0,42,-83,0,0,0,000026b5
5888,0,44,-83,0,0,0,000028b5
5892,0,45,-82,0,0,0,000029b5
5896,0,47,-81,0,0,0,00002bb6
5900,0,48,-81,0,0,0,00002cb6
5905,0,50,-80,0,0,0,00002eb6
5909,0,52,-79,0,0,0,000030b7
5913,0,53,-79,0,0,0,000031b7
5917,0,55,-78,0,0,0,000033b7
5920,0,56,-77,0,0,0,000034b8
5925,0,58,-77,0,0,0,000036b8
5928,0,59,-76,0,0,0,000038b8
5933,0,61,-75,0,0,0,00003ab9
5937,0,63,-75,0,0,0,00003cb9
5941,0,64,-74,0,0,0,00003db9
5944,0,66,-73,0,0,0,000040ba
5949,0,68,-73,0,0,0,000041ba
5953,0,70,-72,0,0,0,000044ba
5957,0,71,-71,0,0,0,000045bb
5961,0,72,-70,0,0,0,000046bc
5965,0,73,-68,0,0,0,000046bf
5969,0,73,-66,0,0,0,000046c0
5973,0,74,-64,0,0,0,000047c3
5977,0,75,-63,0,0,0,000047c4
5981,0,75,-61,0,0,0,000047c6
5986,0,76,-59,0,0,0,000048c8
5988,0,77,-58,0,0,0,000048ca
5992,0,77,-56,0,0,0,000048cc
5996,0,78,-55,0,0,0,000049cd
6000,0,79,-53,0,0,0,000049cf
6004,0,79,-52,0,0,0,000049d0
6009,0,80,-50,0,0,0,00004ad2
6014,0,81,-48,0,0,0,00004ad4
6017,0,81,-47,0,0,0,00004ad5
6021,0,82,-45,0,0,0,00004bd7
6025,0,83,-44,0,0,0,00004bd8
6028,0,83,-42,0,0,0,00004bda
6032,0,84,-41,0,0,0,00004bdb
6036,0,84,-39,0,0,0,00004bdd
6041,0,85,-38,0,0,0,00004cde
6045,0,86,-36,0,0,0,00004ce0
6049,0,86,-35,0,0,0,00004ce1
6053,0,87,-33,0,0,0,00004de3
6057,0,88,-32,0,0,0,00004de4
6061,0,88,-30,0,0,0,00004de6
6065,0,89,-29,0,0,0,00004de7
6070,0,89,-27,0,0,0,00004de9
6072,0,90,-26,0,0,0,00004ee9
6077,0,91,-24,0,0,0,00004eeb
6080,0,91,-23,0,0,0,00004eec
6084,0,92,-21,0,0,0,00004fee
6089,0,93,-20,0,0,0,00004fef
6093,0,93,-18,0,0,0,00004ff1
6098,0,94,-17,0,0,0,00004ff2
6101,0,95,-15,0,0,0,000050f3
6105,0,95,-13,0,0,0,000050f5
6109,0,96,-12,0,0,0,000050f6
6112,0,97,-10,0,0,0,000051f8
6116,0,97,-9,0,0,0,000051f9
6120,0,98,-7,0,0,0,000051fa
6125,0,99,-5,0,0,0,000051fc
6129,0,99,-3,0,0,0,000051fe
6133,0,100,-2,0,0,0,000052fe
6137,0,0,0,0,0,256,80000000
6168,0,0,0,0,0,0,00000000
6200,0,0,0,0,0,512,40000000
6234,0,0,0,0,0,0,00000000
6264,0,0,0,0,0,1024,00000000
6296,0,0,0,0,0,0,00000000
6330,0,0,0,0,0,2048,00000000
6361,0,0,0,0,0,0,00000000
6392,0,0,0,0,0,16,00200000
6425,0,0,0,0,0,0,00000000
6456,0,0,0,0,0,64,20000000
6490,0,0,0,0,0,0,00000000
6520,0,0,0,0,0,32,00100000
6552,0,0,0,0,0,0,00000000
6586,0,0,0,0,0,4096,10000000
6616,0,0,0,0,0,0,00000000
6649,0,0,0,0,0,8,08000000
6681,0,0,0,0,0,0,00000000
6713,0,0,0,0,0,4,04000000
6745,0,0,0,0,0,0,00000000
6777,0,0,0,0,0,1,02000000
6809,0,0,0,0,0,0,00000000
6841,0,0,0,0,0,2,01000000
6873,0,0,0,0,0,0,00000000
6905,0,-128,0,0,0,0,0000ae00
6909,0,-127,0,0,0,0,0000ae00
6913,0,-126,0,0,0,0,0000ae00
6917,0,-125,0,0,0,0,0000ae00
6921,0,-124,0,0,0,0,0000ae00
6925,0,-123,0,0,0,0,0000ae00
6929,0,-122,0,0,0,0,0000ae00
6933,0,-121,0,0,0,0,0000ae00
6937,0,-120,0,0,0,0,0000ae00
6941,0,-119,0,0,0,0,0000ae00
6945,0,-118,0,0,0,0,0000ae00
6949,0,-117,0,0,0,0,0000ae00
6953,0,-116,0,0,0,0,0000ae00
6957,0,-115,0,0,0,0,0000ae00
6961,0,-114,0,0,0,0,0000ae00
6965,0,-113,0,0,0,0,0000ae00
6969,0,-112,0,0,0,0,0000ae00
6973,0,-111,0,0,0,0,0000ae00
6977,0,-110,0,0,0,0,0000ae00
6981,0,-109,0,0,0,0,0000ae00
6985,0,-108,0,0,0,0,0000ae00
6989,0,-107,0,0,0,0,0000ae00
6993,0,-106,0,0,0,0,0000ae00
6997,0,-105,0,0,0,0,0000ae00
7001,0,-104,0,0,0,0,0000ae00
7005,0,-103,0,0,0,0,0000ae00
7009,0,-102,0,0,0,0,0000ae00
7013,0,-101,0,0,0,0,0000ae00
7017,0,-100,0,0,0,0,0000af00
7021,0,-99,0,0,0,0,0000af00
7025,0,-98,0,0,0,0,0000b000
7029,0,-97,0,0,0,0,0000b100
7033,0,-96,0,0,0,0,0000b200
7037,0,-95,0,0,0,0,0000b300
7041,0,-94,0,0,0,0,0000b400
7045,0,-93,0,0,0,0,0000b400
7049,0,-92,0,0,0,0,0000b500
7053,0,-91,0,0,0,0,0000b600
7057,0,-90,0,0,0,0,0000b700
7061,0,-89,0,0,0,0,0000b800
7065,0,-88,0,0,0,0,0000b800
7069,0,-87,0,0,0,0,0000b900
7073,0,-86,0,0,0,0,0000ba00
7077,0,-85,0,0,0,0,0000bb00
7081,0,-84,0,0,0,0,0000bc00
7085,0,-83,0,0,0,0,0000bc00
7089,0,-82,0,0,0,0,0000bd00
7093,0,-81,0,0,0,0,0000be00
7097,0,-80,0,0,0,0,0000bf00
7101,0,-79,0,0,0,0,0000c000
7105,0,-78,0,0,0,0,0000c100
7109,0,-77,0,0,0,0,0000c100
7113,0,-76,0,0,0,0,0000c200
7117,0,-75,0,0,0,0,0000c300
7121,0,-74,0,0,0,0,0000c400
7125,0,-73,0,0,0,0,0000c500
7129,0,-72,0,0,0,0,0000c500
7133,0,-71,0,0,0,0,0000c600
7137,0,-70,0,0,0,0,0000c700
7141,0,-69,0,0,0,0,0000c800
7145,0,-68,0,0,0,0,0000c900
7149,0,-67,0,0,0,0,0000c900
7153,0,-66,0,0,0,0,0000ca00
7157,0,-65,0,0,0,0,0000cb00
7161,0,-64,0,0,0,0,0000cc00
7165,0,-63,0,0,0,0,0000cd00
7169,0,-62,0,0,0,0,0000ce00
7173,0,-61,0,0,0,0,0000ce00
7177,0,-60,0,0,0,0,0000cf00
7181,0,-59,0,0,0,0,0000d000
7185,0,-58,0,0,0,0,0000d100
7189,0,-57,0,0,0,0,0000d200
7193,0,-56,0,0,0,0,0000d200
7197,0,-55,0,0,0,0,0000d300
