id,date,platform,plugin,build,n,rom,how,vis,vi_rate,wall_s,speed,idle_pct,avg_vis,avg_fps,exceptions,cacheResets,recompiles,batches,verts,texStalls,treeDepthMax,underruns,overruns,dsp_avg,dsp_peak,pmc1,pmc2,ipc,heap_used,heap_free,arena1_free,arena2_free,flushes,flush_us,padtrace,purpose
2026-09-22_dolphin_all_glN64,2026-09-22,dolphin,glN64,e9fdfa4+dirty,1,Super Mario 64.v64,vis,3600,60,60.00,1.000,41.1,59.5,28.22,27300,1,1567,444650,7472436,0,15,8,0,,,43729595308,0,0.000,11323768,6024,421872,54302592,6,4141,6,"all.txt (4 ROMs x 3600 VIs), stock settings, first chained baseline. OoT MQ and Majora's Mask hang at boot (CIC-6105): black screen, ~0 fps; OoT MQ runs 50 Hz VI timing against a 60 Hz header, so its speed column is not meaningful while hung."
2026-09-22_dolphin_all_glN64,2026-09-22,dolphin,glN64,e9fdfa4+dirty,2,Banjo-Kazooie.V64,vis,3600,60,60.08,0.999,54.0,59.46,21.57,22438,1,2351,272570,6044694,0,32,2,0,,,43784468392,0,0.000,11363056,3600,385008,54302592,6,4632,0,"all.txt (4 ROMs x 3600 VIs), stock settings, first chained baseline. OoT MQ and Majora's Mask hang at boot (CIC-6105): black screen, ~0 fps; OoT MQ runs 50 Hz VI timing against a 60 Hz header, so its speed column is not meaningful while hung."
2026-09-22_dolphin_all_glN64,2026-09-22,dolphin,glN64,e9fdfa4+dirty,3,Zelda Ocarina of Time Master Quest.v64,vis,3600,60,71.36,0.841,51.1,50.29,0.21,139806,1,480,0,0,0,9,853,0,,,52018815403,0,0.000,11281704,84952,385008,54302592,7,5018,0,"all.txt (4 ROMs x 3600 VIs), stock settings, first chained baseline. OoT MQ and Majora's Mask hang at boot (CIC-6105): black screen, ~0 fps; OoT MQ runs 50 Hz VI timing against a 60 Hz header, so its speed column is not meaningful while hung."
2026-09-22_dolphin_all_glN64,2026-09-22,dolphin,glN64,e9fdfa4+dirty,4,"Legend of Zelda, The - Majora's Mask (E) (M4) [!].z64",vis,3600,50,71.98,1.000,83.5,49.68,0.21,144448,1,565,0,0,0,10,1,0,,,52470462068,0,0.000,11285304,81352,385008,54302592,7,5230,0,"all.txt (4 ROMs x 3600 VIs), stock settings, first chained baseline. OoT MQ and Majora's Mask hang at boot (CIC-6105): black screen, ~0 fps; OoT MQ runs 50 Hz VI timing against a 60 Hz header, so its speed column is not meaningful while hung."
2026-09-22_dolphin_all_Rice,2026-09-22,dolphin,Rice,e9fdfa4+dirty,1,Super Mario 64.v64,vis,3600,60,60.02,1.000,41.1,59.47,28.2,27303,1,1567,383168,4067949,0,15,7,0,,,43745060917,0,0.000,10386304,4800,749552,54302592,6,4125,4,"all.txt (4 ROMs x 3600 VIs), stock settings, first chained baseline. OoT MQ and Majora's Mask hang at boot (CIC-6105): black screen, ~0 fps; OoT MQ runs 50 Hz VI timing against a 60 Hz header, so its speed column is not meaningful while hung."
2026-09-22_dolphin_all_Rice,2026-09-22,dolphin,Rice,e9fdfa4+dirty,2,Banjo-Kazooie.V64,vis,3600,60,60.06,0.999,58.4,59.49,21.57,22438,1,2351,199326,2808753,10,32,3,0,,,43772282665,0,0.000,10422816,1056,716784,54302592,6,4668,0,"all.txt (4 ROMs x 3600 VIs), stock settings, first chained baseline. OoT MQ and Majora's Mask hang at boot (CIC-6105): black screen, ~0 fps; OoT MQ runs 50 Hz VI timing against a 60 Hz header, so its speed column is not meaningful while hung."
2026-09-22_dolphin_all_Rice,2026-09-22,dolphin,Rice,e9fdfa4+dirty,3,Zelda Ocarina of Time Master Quest.v64,vis,3600,60,71.41,0.840,51.2,50.13,0.21,139800,1,480,0,0,0,9,845,0,,,52052302927,0,0.000,10325832,98040,716784,54302592,7,5425,0,"all.txt (4 ROMs x 3600 VIs), stock settings, first chained baseline. OoT MQ and Majora's Mask hang at boot (CIC-6105): black screen, ~0 fps; OoT MQ runs 50 Hz VI timing against a 60 Hz header, so its speed column is not meaningful while hung."
2026-09-22_dolphin_all_Rice,2026-09-22,dolphin,Rice,e9fdfa4+dirty,4,"Legend of Zelda, The - Majora's Mask (E) (M4) [!].z64",vis,3600,50,72.00,1.000,83.6,49.69,0.2,144446,1,565,0,0,0,10,1,0,,,52485242992,0,0.000,10329680,94192,716784,54302592,7,5502,0,"all.txt (4 ROMs x 3600 VIs), stock settings, first chained baseline. OoT MQ and Majora's Mask hang at boot (CIC-6105): black screen, ~0 fps; OoT MQ runs 50 Hz VI timing against a 60 Hz header, so its speed column is not meaningful while hung."
2026-09-25_hw_glN64_full,2026-09-25,hardware,glN64,8b5cf63+dirty,1,Super Mario 64.v64,vis,3600,60,60.23,0.996,45.2,59.5,28.29,27287,1,1567,443682,7449684,0,15,13,0,,,23796482786,22442867566,0.943,10862652,35368,712704,56405952,6,68110,4,"hardware.txt, nine-entry Wii baseline"
2026-09-25_hw_glN64_full,2026-09-25,hardware,glN64,8b5cf63+dirty,2,Mario Kart 64.v64,vis,3600,60,60.20,0.997,98.6,59.53,0.86,6348,1,413,64,4140,0,14,1,0,,,572674144,535230578,0.935,10795516,102504,712704,56405952,6,91226,0,"hardware.txt, nine-entry Wii baseline"
2026-09-25_hw_glN64_full,2026-09-25,hardware,glN64,8b5cf63+dirty,3,Banjo-Kazooie.V64,vis,3600,60,60.23,0.996,53.4,59.51,21.79,22438,1,2351,272570,6044694,0,32,6,0,,,19721944683,18303463708,0.928,10928796,34760,647168,56405952,6,63756,0,"hardware.txt, nine-entry Wii baseline"
2026-09-25_hw_glN64_full,2026-09-25,hardware,glN64,8b5cf63+dirty,4,Mario Party.v64,vis,3600,60,63.06,0.952,31.8,58.61,131.96,33522,1,1626,506055,11702520,0,25,25,0,,,27805853596,27299645588,0.982,10871068,92488,647168,56405952,6,152332,0,"hardware.txt, nine-entry Wii baseline"
2026-09-25_hw_glN64_full,2026-09-25,hardware,glN64,8b5cf63+dirty,5,Mario Party 2 (E) (M5) [!].z64,vis,3600,50,74.72,0.964,79.3,49.32,49.06,24486,1,973,0,0,0,16,4,0,,,9443607831,8386229263,0.888,10830876,132680,647168,56405952,7,249335,0,"hardware.txt, nine-entry Wii baseline"
2026-09-25_hw_glN64_full,2026-09-25,hardware,glN64,8b5cf63+dirty,6,Mario Party 3 (E) (M4) [!].z64,vis,3600,50,74.77,0.963,72.4,49.62,49.46,24023,1,1288,0,0,0,18,2,0,,,13104826568,12630619592,0.964,10849692,113864,647168,56405952,7,225726,0,"hardware.txt, nine-entry Wii baseline"
2026-09-25_hw_glN64_full,2026-09-25,hardware,glN64,8b5cf63+dirty,7,Pokemon Snap.rom,vis,3600,60,60.64,0.989,11.5,59.26,58.18,37960,1,832,972224,27179223,0,12,33,0,,,38878793281,36734895090,0.945,10825692,137864,647168,56405952,6,228936,0,"hardware.txt, nine-entry Wii baseline"
2026-09-25_hw_glN64_full,2026-09-25,hardware,glN64,8b5cf63+dirty,8,Super Smash Bros. (U) [!].z64,vis,3600,60,60.40,0.993,45.6,59.48,53.01,48742,1,2124,339526,8867220,0,14,7,0,,,23302555836,21698893354,0.931,10874748,88808,647168,56405952,6,212041,0,"hardware.txt, nine-entry Wii baseline"
2026-09-25_hw_glN64_full,2026-09-25,hardware,glN64,8b5cf63+dirty,9,Super Mario 64.v64,vis,7200,60,120.57,0.995,40.7,60.0,27.24,53477,1,1092,913736,12525030,0,14,28,0,,,51815916346,49025090739,0.946,10820156,143400,647168,56405952,12,424848,1482,"hardware.txt, nine-entry Wii baseline"
2026-09-26_dolphin_glN64_11rom,2026-09-26,dolphin,glN64,ae4ad95,1,Super Mario 64.v64,vis,3600,60,60.06,0.999,43.0,59.44,28.16,27294,1,1567,443169,7438134,0,15,0,3541,,,43776762592,0,0.000,10863416,38056,700416,56405952,8,5733,4,"11 non-Zelda ROMs, 3600 VIs each; periodic A replay for Mario Party titles"
2026-09-26_dolphin_glN64_11rom,2026-09-26,dolphin,glN64,ae4ad95,2,Mario Kart 64.v64,vis,3600,60,60.00,1.000,98.7,59.54,0.82,6345,1,395,64,4140,0,14,0,0,,,43730209723,0,0.000,10795128,106344,700416,56405952,7,5764,0,"11 non-Zelda ROMs, 3600 VIs each; periodic A replay for Mario Party titles"
2026-09-26_dolphin_glN64_11rom,2026-09-26,dolphin,glN64,ae4ad95,3,Banjo-Kazooie.V64,vis,3600,60,60.05,0.999,54.8,59.49,21.95,22438,1,2351,272570,6044694,0,32,0,1730,,,43773286480,0,0.000,10929560,33352,638976,56405952,7,6285,0,"11 non-Zelda ROMs, 3600 VIs each; periodic A replay for Mario Party titles"
2026-09-26_dolphin_glN64_11rom,2026-09-26,dolphin,glN64,ae4ad95,4,Mario Party.v64,vis,3600,60,63.41,0.946,25.1,58.09,131.81,33517,1,1627,506055,11702520,0,25,0,3447,,,46224070193,0,0.000,10875032,124744,602112,56405952,8,5970,10,"11 non-Zelda ROMs, 3600 VIs each; periodic A replay for Mario Party titles"
2026-09-26_dolphin_glN64_11rom,2026-09-26,dolphin,glN64,ae4ad95,5,Mario Party (USA).z64,vis,3600,60,63.39,0.947,25.1,58.13,131.91,33519,1,1627,506055,11702520,0,25,0,3447,,,46205814377,0,0.000,10875064,124712,602112,56405952,8,6944,10,"11 non-Zelda ROMs, 3600 VIs each; periodic A replay for Mario Party titles"
2026-09-26_dolphin_glN64_11rom,2026-09-26,dolphin,glN64,ae4ad95,6,Mario Party 2 (E) (M5) [!].z64,vis,3600,50,74.97,0.960,58.6,49.01,82.47,30364,1,2102,262284,5841567,0,20,0,3453,,,54650074013,0,0.000,10903192,96584,602112,56405952,9,7249,8,"11 non-Zelda ROMs, 3600 VIs each; periodic A replay for Mario Party titles"
2026-09-26_dolphin_glN64_11rom,2026-09-26,dolphin,glN64,ae4ad95,7,Mario Party 2 (USA).z64,vis,3600,60,62.98,0.953,49.4,59.01,107.88,31349,1,2026,314783,6996663,0,26,0,3426,,,45912433628,0,0.000,10899448,100328,602112,56405952,8,6825,10,"11 non-Zelda ROMs, 3600 VIs each; periodic A replay for Mario Party titles"
2026-09-26_dolphin_glN64_11rom,2026-09-26,dolphin,glN64,ae4ad95,8,Mario Party 3 (E) (M4) [!].z64,vis,3600,50,74.84,0.962,69.3,49.05,69.32,25308,1,2347,104929,2669691,0,20,0,2657,,,54552879135,0,0.000,10918840,80936,602112,56405952,9,7496,10,"11 non-Zelda ROMs, 3600 VIs each; periodic A replay for Mario Party titles"
2026-09-26_dolphin_glN64_11rom,2026-09-26,dolphin,glN64,ae4ad95,9,Mario Party 3 (USA).z64,vis,3600,60,62.92,0.954,64.0,58.58,91.34,27038,1,2200,146071,3735855,0,20,0,3528,,,45867358282,0,0.000,10910456,89320,602112,56405952,8,5986,10,"11 non-Zelda ROMs, 3600 VIs each; periodic A replay for Mario Party titles"
2026-09-26_dolphin_glN64_11rom,2026-09-26,dolphin,glN64,ae4ad95,10,Pokemon Snap.rom,vis,3600,60,62.64,0.958,6.0,57.26,56.7,37960,1,832,972224,27179223,0,12,0,3563,,,45660639371,0,0.000,10826616,173160,602112,56405952,9,7810,0,"11 non-Zelda ROMs, 3600 VIs each; periodic A replay for Mario Party titles"
2026-09-26_dolphin_glN64_11rom,2026-09-26,dolphin,glN64,ae4ad95,11,Super Smash Bros. (U) [!].z64,vis,3600,60,61.30,0.979,41.9,58.58,51.7,48849,1,2125,344326,8913390,0,14,0,3563,,,44687825994,0,0.000,10875704,124072,602112,56405952,8,6793,0,"11 non-Zelda ROMs, 3600 VIs each; periodic A replay for Mario Party titles"
2026-09-26_dolphin_Rice_11rom,2026-09-26,dolphin,Rice,ae4ad95,1,Super Mario 64.v64,vis,3600,60,60.81,0.987,42.0,58.9,27.95,27289,1,1567,382811,4062579,0,15,0,3541,,,44323876534,0,0.000,10451256,37768,532480,56405952,8,6107,4,"11 non-Zelda ROMs, 3600 VIs each; periodic A replay for Mario Party titles"
2026-09-26_dolphin_Rice_11rom,2026-09-26,dolphin,Rice,ae4ad95,2,Mario Kart 64.v64,vis,3600,60,60.61,0.990,54.2,59.04,28.26,29110,1,1518,187773,2509869,4760,14,0,3523,,,44168806911,0,0.000,10484536,37256,499712,56405952,8,6894,0,"11 non-Zelda ROMs, 3600 VIs each; periodic A replay for Mario Party titles"
2026-09-26_dolphin_Rice_11rom,2026-09-26,dolphin,Rice,ae4ad95,3,Banjo-Kazooie.V64,vis,3600,60,60.06,0.999,59.3,59.5,21.6,22438,1,2351,199326,2808753,10,32,0,1730,,,43783819287,0,0.000,10515000,35464,471040,56405952,8,7201,0,"11 non-Zelda ROMs, 3600 VIs each; periodic A replay for Mario Party titles"
2026-09-26_dolphin_Rice_11rom,2026-09-26,dolphin,Rice,ae4ad95,4,Mario Party.v64,vis,3600,60,63.11,0.951,31.7,58.42,132.58,33525,1,1627,687155,4795434,20,25,0,3447,,,46002707102,0,0.000,10467192,120136,434176,56405952,8,6956,10,"11 non-Zelda ROMs, 3600 VIs each; periodic A replay for Mario Party titles"
2026-09-26_dolphin_Rice_11rom,2026-09-26,dolphin,Rice,ae4ad95,5,Mario Party (USA).z64,vis,3600,60,63.11,0.951,31.9,58.44,132.62,33520,1,1627,687155,4795434,20,25,0,3447,,,46003761599,0,0.000,10467192,120136,434176,56405952,8,7333,10,"11 non-Zelda ROMs, 3600 VIs each; periodic A replay for Mario Party titles"
2026-09-26_dolphin_Rice_11rom,2026-09-26,dolphin,Rice,ae4ad95,6,Mario Party 2 (E) (M5) [!].z64,vis,3600,50,74.95,0.961,60.6,49.01,82.47,30361,1,2102,459595,2964393,352,20,0,3453,,,54632045641,0,0.000,10520824,66504,434176,56405952,9,7704,8,"11 non-Zelda ROMs, 3600 VIs each; periodic A replay for Mario Party titles"
2026-09-26_dolphin_Rice_11rom,2026-09-26,dolphin,Rice,ae4ad95,7,Mario Party 2 (USA).z64,vis,3600,60,62.97,0.953,51.0,58.54,106.87,31349,1,2026,552066,3553053,383,26,0,3426,,,45899603743,0,0.000,10506840,84584,430080,56405952,8,7224,10,"11 non-Zelda ROMs, 3600 VIs each; periodic A replay for Mario Party titles"
2026-09-26_dolphin_Rice_11rom,2026-09-26,dolphin,Rice,ae4ad95,8,Mario Party 3 (E) (M4) [!].z64,vis,3600,50,74.80,0.963,71.5,49.1,69.72,25315,1,2347,177450,1069050,71,20,0,2657,,,54522889655,0,0.000,10535448,55976,430080,56405952,9,8345,10,"11 non-Zelda ROMs, 3600 VIs each; periodic A replay for Mario Party titles"
2026-09-26_dolphin_Rice_11rom,2026-09-26,dolphin,Rice,ae4ad95,9,Mario Party 3 (USA).z64,vis,3600,60,62.92,0.954,66.2,58.56,91.77,27020,1,2200,254159,1535151,67,20,0,3528,,,45863589948,0,0.000,10518008,89800,413696,56405952,8,7296,10,"11 non-Zelda ROMs, 3600 VIs each; periodic A replay for Mario Party titles"
2026-09-26_dolphin_Rice_11rom,2026-09-26,dolphin,Rice,ae4ad95,10,Pokemon Snap.rom,vis,3600,60,60.53,0.991,27.8,59.13,58.5,37958,1,832,619838,10318191,0,12,0,3563,,,44124012159,0,0.000,10419128,188680,413696,56405952,8,7531,0,"11 non-Zelda ROMs, 3600 VIs each; periodic A replay for Mario Party titles"
2026-09-26_dolphin_Rice_11rom,2026-09-26,dolphin,Rice,ae4ad95,11,Super Smash Bros. (U) [!].z64,vis,3600,60,60.24,0.996,47.6,59.32,53.09,48737,1,2124,236000,3293412,1221,14,0,3563,,,43898465774,0,0.000,10619960,41096,360448,56405952,7,6584,0,"11 non-Zelda ROMs, 3600 VIs each; periodic A replay for Mario Party titles"
2026-09-26_hw_glN64_9entry,2026-09-26,hardware,glN64,ae4ad95,1,Super Mario 64.v64,vis,3600,60,60.22,0.996,45.2,59.49,28.05,27300,1,1567,442683,7426746,0,15,10,0,,,23733021191,22421200271,0.945,10862576,38280,700416,56405952,8,83225,4,"hardware.txt, eight ROMs and final SM64 pad sweep, 3600/7200 VIs"
2026-09-26_hw_glN64_9entry,2026-09-26,hardware,glN64,ae4ad95,2,Mario Kart 64.v64,vis,3600,60,60.61,0.990,23.1,59.63,28.28,29186,1,1518,216478,4778175,0,14,37,0,,,33800893516,30690555956,0.908,10875088,33960,692224,56405952,8,102264,0,"hardware.txt, eight ROMs and final SM64 pad sweep, 3600/7200 VIs"
2026-09-26_hw_glN64_9entry,2026-09-26,hardware,glN64,ae4ad95,3,Banjo-Kazooie.V64,vis,3600,60,60.25,0.996,53.3,60.0,21.72,22437,1,2350,272570,6044694,0,32,6,0,,,19702968553,18303774887,0.929,10928688,33608,638976,56405952,8,87851,0,"hardware.txt, eight ROMs and final SM64 pad sweep, 3600/7200 VIs"
2026-09-26_hw_glN64_9entry,2026-09-26,hardware,glN64,ae4ad95,4,Mario Party.v64,vis,3600,60,63.18,0.950,31.8,59.09,133.29,33520,1,1626,506055,11702520,0,25,28,0,,,27784170686,27300014395,0.983,10870992,91304,638976,56405952,8,209659,0,"hardware.txt, eight ROMs and final SM64 pad sweep, 3600/7200 VIs"
2026-09-26_hw_glN64_9entry,2026-09-26,hardware,glN64,ae4ad95,5,Mario Party 2 (E) (M5) [!].z64,vis,3600,50,74.83,0.962,79.3,49.32,49.02,24486,1,973,0,0,0,16,0,3127,,,9360686520,8373463049,0.895,10830800,131496,638976,56405952,9,296068,0,"hardware.txt, eight ROMs and final SM64 pad sweep, 3600/7200 VIs"
2026-09-26_hw_glN64_9entry,2026-09-26,hardware,glN64,ae4ad95,6,Mario Party 3 (E) (M4) [!].z64,vis,3600,50,74.91,0.961,72.2,49.23,49.08,24093,1,1288,0,0,0,18,2,0,,,13096971107,12631494915,0.964,10849616,112680,638976,56405952,9,291076,0,"hardware.txt, eight ROMs and final SM64 pad sweep, 3600/7200 VIs"
2026-09-26_hw_glN64_9entry,2026-09-26,hardware,glN64,ae4ad95,7,Pokemon Snap.rom,vis,3600,60,60.66,0.989,11.7,59.31,58.25,37959,1,832,972224,27179223,0,12,21,0,,,38665812202,36735140225,0.950,10825616,136680,638976,56405952,8,289480,0,"hardware.txt, eight ROMs and final SM64 pad sweep, 3600/7200 VIs"
2026-09-26_hw_glN64_9entry,2026-09-26,hardware,glN64,ae4ad95,8,Super Smash Bros. (U) [!].z64,vis,3600,60,60.45,0.993,45.9,59.51,52.83,48945,1,2124,324138,8698944,0,14,5,0,,,23021802921,21546606143,0.936,10874608,87688,638976,56405952,8,296497,0,"hardware.txt, eight ROMs and final SM64 pad sweep, 3600/7200 VIs"
2026-09-26_hw_glN64_9entry,2026-09-26,hardware,glN64,ae4ad95,9,Super Mario 64.v64,vis,7200,60,120.66,0.995,40.6,59.76,27.28,53491,1,1091,918238,12586092,0,14,27,0,,,51854876742,49183058661,0.948,10820048,142248,638976,56405952,14,504866,1482,"hardware.txt, eight ROMs and final SM64 pad sweep, 3600/7200 VIs"
2026-09-26_hw_glN64_repeat,2026-09-26,hardware,glN64,0a05807,1,Super Mario 64.v64,vis,3600,60,60.21,0.996,44.9,59.5,28.22,27292,1,1567,444172,7461096,0,15,10,0,,,23880149139,22482457994,0.941,10862640,38216,700416,56405952,7,75775,46,Repeat nine-entry Wii chain before audio work
2026-09-26_hw_glN64_repeat,2026-09-26,hardware,glN64,0a05807,2,Mario Kart 64.v64,vis,3600,60,60.57,0.991,22.9,59.17,28.28,29110,1,1518,216478,4778175,0,14,38,0,,,33904333808,30716081229,0.906,10875152,33896,692224,56405952,8,110380,12,Repeat nine-entry Wii chain before audio work
2026-09-26_hw_glN64_repeat,2026-09-26,hardware,glN64,0a05807,3,Banjo-Kazooie.V64,vis,3600,60,60.21,0.997,53.2,59.51,21.55,22438,1,2351,272570,6044694,0,32,6,0,,,19748214071,18314042326,0.927,10928784,33512,638976,56405952,8,94679,12,Repeat nine-entry Wii chain before audio work
2026-09-26_hw_glN64_repeat,2026-09-26,hardware,glN64,0a05807,4,Mario Party.v64,vis,3600,60,63.10,0.951,31.9,58.6,133.41,33521,1,1626,506055,11702520,0,25,26,0,,,27787977436,27300681353,0.982,10871056,91240,638976,56405952,8,109917,0,Repeat nine-entry Wii chain before audio work
2026-09-26_hw_glN64_repeat,2026-09-26,hardware,glN64,0a05807,5,Mario Party 2 (E) (M5) [!].z64,vis,3600,50,74.69,0.964,79.4,49.28,49.22,24485,1,973,0,0,0,16,2,0,,,9425236828,8386303496,0.890,10830864,131432,638976,56405952,9,157653,0,Repeat nine-entry Wii chain before audio work
2026-09-26_hw_glN64_repeat,2026-09-26,hardware,glN64,0a05807,6,Mario Party 3 (E) (M4) [!].z64,vis,3600,50,74.94,0.961,72.2,49.61,49.43,24079,1,1288,0,0,0,18,2,0,,,13097088293,12631420589,0.964,10849680,112616,638976,56405952,9,315595,0,Repeat nine-entry Wii chain before audio work
2026-09-26_hw_glN64_repeat,2026-09-26,hardware,glN64,0a05807,7,Pokemon Snap.rom,vis,3600,60,60.68,0.989,11.8,59.24,58.22,37959,1,832,972224,27179223,0,12,23,0,,,38675836467,36735173526,0.950,10825680,136616,638976,56405952,8,289977,0,Repeat nine-entry Wii chain before audio work
2026-09-26_hw_glN64_repeat,2026-09-26,hardware,glN64,0a05807,8,Super Smash Bros. (U) [!].z64,vis,3600,60,60.44,0.993,45.8,59.5,52.88,49042,1,2126,334970,8730648,0,14,1,3204,,,23068996835,21577804776,0.935,10874800,87496,638976,56405952,8,288625,0,Repeat nine-entry Wii chain before audio work
2026-09-26_hw_glN64_repeat,2026-09-26,hardware,glN64,0a05807,9,Super Mario 64.v64,vis,7200,60,120.63,0.995,41.0,59.76,27.04,53448,1,1092,910045,12475080,0,14,30,0,,,51528444995,48888428661,0.949,10820144,142152,638976,56405952,14,475481,1482,Repeat nine-entry Wii chain before audio work
2026-09-26_hw_audio_accurate,2026-09-26,hardware,glN64,0a05807+dirty,1,Super Mario 64.v64,vis,3600,60,60.26,0.996,45.2,59.47,28.2,27302,1,1567,444402,7466712,0,15,13,0,1.54,1.9,23773375637,22470395739,0.945,10862640,37864,700416,56405952,7,75845,4,"SM64 title, 3600 VI, Accurate audio, DSP probe"
2026-09-26_hw_audio_fast,2026-09-26,hardware,glN64,0a05807+dirty,1,Super Mario 64.v64,vis,3600,60,60.23,0.996,46.2,59.49,28.2,27288,1,1567,443938,7455456,0,15,10,0,1.48,1.85,23295950457,21801370710,0.936,10862580,37928,700416,56405952,8,81528,4,"SM64 title, 3600 VI, Fast audio, DSP probe"
2026-09-26_dolphin_audio_accurate_lle,2026-09-26,dolphin,glN64,0a05807+dirty,1,Super Mario 64.v64,vis,3600,60,60.06,0.999,42.3,59.44,28.47,27294,1,1567,444170,7461084,0,15,7,0,3.77,5.0,43769632198,0,0.000,10863416,37224,700416,56405952,8,5939,4,"SM64 title, 3600 VI, Accurate audio, DSP LLE"
2026-09-26_dolphin_audio_fast_lle,2026-09-26,dolphin,glN64,0a05807+dirty,1,Super Mario 64.v64,vis,3600,60,60.01,1.000,44.6,59.5,28.13,27291,1,1567,443177,7438182,0,15,7,0,3.93,5.9,43736115628,0,0.000,10863416,37224,700416,56405952,7,5392,4,"SM64 title, 3600 VI, Fast audio, DSP LLE"
2026-09-26_hw_audio_smash_accurate,2026-09-26,hardware,glN64,0a05807+dirty,1,Super Smash Bros. (U) [!].z64,vis,3600,60,60.24,0.996,45.7,59.5,53.27,48820,1,2127,345974,8906466,0,14,1,0,1.5,1.8,23301419252,21803128739,0.936,10874568,42312,684032,56405952,8,85181,4,"Smash Bros. title, 3600 VI, Accurate audio, overrun check"
2026-09-26_dolphin_audio_smash_accurate_lle,2026-09-26,dolphin,glN64,0a05807+dirty,1,Super Smash Bros. (U) [!].z64,vis,3600,60,60.04,0.999,43.7,59.49,53.27,48943,1,2126,323720,8696898,0,14,1,0,3.86,5.65,43755556334,0,0.000,10875320,41704,684032,56405952,8,5955,4,"Smash Bros. title, 3600 VI, Accurate audio, overrun check"
2026-09-26_hw_audio_smash_fast,2026-09-26,hardware,glN64,0a05807+dirty,1,Super Smash Bros. (U) [!].z64,vis,3600,60,60.22,0.996,46.9,59.49,53.46,48941,1,2125,323073,8769264,0,14,1,0,1.52,1.8,22721047846,21080533749,0.928,10874444,42440,684032,56405952,7,75516,4,"Smash Bros. title, 3600 VI, Fast audio, overrun check"
2026-09-26_dolphin_audio_smash_fast_lle,2026-09-26,dolphin,glN64,0a05807+dirty,1,Super Smash Bros. (U) [!].z64,vis,3600,60,60.04,0.999,45.3,59.48,53.33,48942,1,2126,324138,8698944,0,14,1,0,3.88,5.3,43754100339,0,0.000,10875256,41768,684032,56405952,8,5968,4,"Smash Bros. title, 3600 VI, Fast audio, overrun check"
2026-09-30_hw_subsystems_full1,2026-09-30,hardware,glN64,ea7802e+subsystem-probes-1.6.1,1,Super Mario 64.v64,vis,900,60,15.19,0.987,53.2,57.98,25.35,5980,1,932,86591,1256661,0,14,8,0,1.54,1.8,5020945268,5011738756,0.998,10836692,34408,634880,56405952,3,34657,4,"subsystem_survey: 900 VIs per neutral scene, full probes, A/B/A first"
2026-09-30_hw_subsystems_full1,2026-09-30,hardware,glN64,ea7802e+subsystem-probes-1.6.1,2,Banjo-Kazooie.V64,vis,900,60,15.18,0.988,48.3,60.0,27.59,5450,1,2084,52520,741906,0,31,4,0,1.37,1.6,5457578525,5201889942,0.953,10913844,35080,557056,56405952,4,43129,0,"subsystem_survey: 900 VIs per neutral scene, full probes, A/B/A first"
2026-09-30_hw_subsystems_full1,2026-09-30,hardware,glN64,ea7802e+subsystem-probes-1.6.1,3,Pokemon Snap.rom,vis,900,60,15.22,0.985,25.1,58.06,54.39,10824,1,777,167028,4402401,0,12,0,0,1.62,1.9,8147966142,7924030772,0.973,10826036,159752,520192,56405952,3,33415,0,"subsystem_survey: 900 VIs per neutral scene, full probes, A/B/A first"
2026-09-30_hw_subsystems_full1,2026-09-30,hardware,glN64,ea7802e+subsystem-probes-1.6.1,4,Mario Party 3 (E) (M4) [!].z64,vis,900,50,20.62,0.873,64.3,47.14,46.85,7919,1,1286,0,0,0,18,1,0,1.45,1.6,3369386207,3288894652,0.976,10853684,132104,520192,56405952,4,42408,0,"subsystem_survey: 900 VIs per neutral scene, full probes, A/B/A first"
2026-09-30_hw_subsystems_full1,2026-09-30,hardware,glN64,ea7802e+subsystem-probes-1.6.1,5,007 - The World Is Not Enough (USA).z64,vis,900,60,18.04,0.832,66.4,54.69,27.77,10315,1,1179,358,45108,0,19,17,0,1.38,1.6,1926369120,2071552360,1.075,10845236,140552,520192,56405952,4,52806,0,"subsystem_survey: 900 VIs per neutral scene, full probes, A/B/A first"
2026-09-30_hw_subsystems_full1,2026-09-30,hardware,glN64,ea7802e+subsystem-probes-1.6.1,6,Donkey Kong 64 (USA).z64,vis,900,60,17.79,0.843,55.4,55.37,27.91,5087,1,1389,10096,250029,0,15,10,0,1.37,1.75,3503617073,3703407260,1.057,10869044,116744,520192,56405952,3,38377,0,"subsystem_survey: 900 VIs per neutral scene, full probes, A/B/A first"
2026-09-30_hw_subsystems_control,2026-09-30,hardware,glN64,ea7802e+subsystem-probes-1.6.1,1,Super Mario 64.v64,vis,900,60,15.16,0.990,55.2,58.0,25.27,5981,1,928,86581,1256601,0,14,7,0,1.46,1.7,4808984592,4599253568,0.956,10836436,37320,634880,56405952,3,32121,4,"subsystem_survey: same scenes/settings, new subsystem probes disabled"
2026-09-30_hw_subsystems_control,2026-09-30,hardware,glN64,ea7802e+subsystem-probes-1.6.1,2,Banjo-Kazooie.V64,vis,900,60,15.18,0.988,50.2,58.06,26.56,5450,1,2084,52520,741906,0,31,3,0,1.35,1.6,5241301667,4793191969,0.915,10913844,33640,561152,56405952,4,39254,0,"subsystem_survey: same scenes/settings, new subsystem probes disabled"
2026-09-30_hw_subsystems_control,2026-09-30,hardware,glN64,ea7802e+subsystem-probes-1.6.1,3,Pokemon Snap.rom,vis,900,60,15.21,0.986,26.6,57.97,54.43,10824,1,777,167028,4402401,0,12,0,0,1.49,1.9,7980627635,7581281870,0.950,10826036,158312,524288,56405952,3,35122,0,"subsystem_survey: same scenes/settings, new subsystem probes disabled"
2026-09-30_hw_subsystems_control,2026-09-30,hardware,glN64,ea7802e+subsystem-probes-1.6.1,4,Mario Party 3 (E) (M4) [!].z64,vis,900,50,20.62,0.873,65.0,48.45,48.26,7916,1,1286,0,0,0,18,1,0,1.5,1.65,3285402797,3127515436,0.952,10853620,130728,524288,56405952,4,46105,0,"subsystem_survey: same scenes/settings, new subsystem probes disabled"
2026-09-30_hw_subsystems_control,2026-09-30,hardware,glN64,ea7802e+subsystem-probes-1.6.1,5,007 - The World Is Not Enough (USA).z64,vis,900,60,18.02,0.832,66.8,54.69,27.8,10319,1,1179,358,45108,0,19,16,0,1.32,1.6,1874771694,1991049052,1.062,10845172,139176,524288,56405952,4,37844,0,"subsystem_survey: same scenes/settings, new subsystem probes disabled"
2026-09-30_hw_subsystems_control,2026-09-30,hardware,glN64,ea7802e+subsystem-probes-1.6.1,6,Donkey Kong 64 (USA).z64,vis,900,60,17.70,0.847,56.0,57.51,28.25,5086,1,1389,10096,250029,0,15,10,0,1.37,1.65,3418140085,3548609645,1.038,10868980,115368,524288,56405952,3,29379,0,"subsystem_survey: same scenes/settings, new subsystem probes disabled"
2026-09-30_dolphin_subsystems_1.6.2,2026-09-30,dolphin,glN64,ea7802e+subsystem-probes-1.6.2,1,Super Mario 64.v64,vis,900,60,15.01,0.999,50.1,58.0,25.42,5980,1,928,86577,1256577,0,14,7,0,3.67,4.75,10937202454,0,0.000,10837080,34696,634880,56405952,3,2102,4,"Final 1.6.2 six neutral scenes, DSP LLE, host playback muted; Dolphin PMCs are not Wii overhead"
2026-09-30_dolphin_subsystems_1.6.2,2026-09-30,dolphin,glN64,ea7802e+subsystem-probes-1.6.2,2,Banjo-Kazooie.V64,vis,900,60,15.07,0.995,48.6,58.05,26.66,5450,1,2084,52520,741906,0,31,2,0,3.87,5.35,10984500258,0,0.000,10914488,35112,557056,56405952,4,2675,0,"Final 1.6.2 six neutral scenes, DSP LLE, host playback muted; Dolphin PMCs are not Wii overhead"
2026-09-30_dolphin_subsystems_1.6.2,2026-09-30,dolphin,glN64,ea7802e+subsystem-probes-1.6.2,3,Pokemon Snap.rom,vis,900,60,15.13,0.991,16.8,57.63,54.19,10824,1,777,167028,4402401,0,12,1,0,3.78,5.35,11029814710,0,0.000,10826680,159784,520192,56405952,3,2130,0,"Final 1.6.2 six neutral scenes, DSP LLE, host playback muted; Dolphin PMCs are not Wii overhead"
2026-09-30_dolphin_subsystems_1.6.2,2026-09-30,dolphin,glN64,ea7802e+subsystem-probes-1.6.2,4,Mario Party 3 (E) (M4) [!].z64,vis,900,50,20.52,0.877,60.7,48.46,48.32,7904,1,1286,0,0,0,18,1,0,4.03,5.45,14955719701,0,0.000,10854264,132200,520192,56405952,4,2650,0,"Final 1.6.2 six neutral scenes, DSP LLE, host playback muted; Dolphin PMCs are not Wii overhead"
2026-09-30_dolphin_subsystems_1.6.2,2026-09-30,dolphin,glN64,ea7802e+subsystem-probes-1.6.2,5,007 - The World Is Not Enough (USA).z64,vis,900,60,18.16,0.826,65.0,54.0,27.77,10319,1,1179,358,45108,0,19,19,0,3.64,6.1,13236960277,0,0.000,10845880,140584,520192,56405952,4,2913,0,"Final 1.6.2 six neutral scenes, DSP LLE, host playback muted; Dolphin PMCs are not Wii overhead"
2026-09-30_dolphin_subsystems_1.6.2,2026-09-30,dolphin,glN64,ea7802e+subsystem-probes-1.6.2,6,Donkey Kong 64 (USA).z64,vis,900,60,17.77,0.844,52.3,55.1,27.89,5084,1,1389,10096,250029,0,15,14,0,3.71,4.75,12948148497,0,0.000,10869688,116776,520192,56405952,3,2894,0,"Final 1.6.2 six neutral scenes, DSP LLE, host playback muted; Dolphin PMCs are not Wii overhead"
2026-09-30_hw_subsystems_full2,2026-09-30,hardware,glN64,ea7802e+subsystem-probes-1.6.1,1,Super Mario 64.v64,vis,900,60,15.17,0.989,53.3,57.99,25.4,5979,1,928,86578,1256583,0,14,9,0,1.54,1.75,5025044721,5016025356,0.998,10836436,34664,634880,56405952,3,32403,4,"subsystem_survey: same frozen full DOL, A/B/A repeat, 900 VIs per neutral scene"
2026-09-30_hw_subsystems_full2,2026-09-30,hardware,glN64,ea7802e+subsystem-probes-1.6.1,2,Banjo-Kazooie.V64,vis,900,60,15.18,0.988,48.3,58.0,26.56,5450,1,2083,52520,741906,0,31,3,0,1.38,1.6,5456221047,5201897064,0.953,10913876,35048,557056,56405952,4,39713,0,"subsystem_survey: same frozen full DOL, A/B/A repeat, 900 VIs per neutral scene"
2026-09-30_hw_subsystems_full2,2026-09-30,hardware,glN64,ea7802e+subsystem-probes-1.6.1,3,Pokemon Snap.rom,vis,900,60,15.21,0.986,25.1,59.86,56.3,10823,1,777,167028,4402401,0,12,0,0,1.62,1.9,8148821637,7924023995,0.972,10826100,159688,520192,56405952,3,35493,0,"subsystem_survey: same frozen full DOL, A/B/A repeat, 900 VIs per neutral scene"
2026-09-30_hw_subsystems_full2,2026-09-30,hardware,glN64,ea7802e+subsystem-probes-1.6.1,4,Mario Party 3 (E) (M4) [!].z64,vis,900,50,20.66,0.871,64.3,47.12,46.85,7905,1,1286,0,0,0,18,1,0,1.45,1.6,3371816013,3289134988,0.975,10853684,132104,520192,56405952,4,46574,0,"subsystem_survey: same frozen full DOL, A/B/A repeat, 900 VIs per neutral scene"
2026-09-30_hw_subsystems_full2,2026-09-30,hardware,glN64,ea7802e+subsystem-probes-1.6.1,5,007 - The World Is Not Enough (USA).z64,vis,900,60,18.04,0.831,66.4,56.44,28.94,10307,1,1179,358,45108,0,19,16,0,1.31,1.55,1926025913,2071385944,1.075,10845236,140552,520192,56405952,4,43400,0,"subsystem_survey: same frozen full DOL, A/B/A repeat, 900 VIs per neutral scene"
2026-09-30_hw_subsystems_full2,2026-09-30,hardware,glN64,ea7802e+subsystem-probes-1.6.1,6,Donkey Kong 64 (USA).z64,vis,900,60,17.74,0.846,55.3,55.75,26.61,5087,1,1389,10096,250029,0,15,9,0,1.34,1.8,3503536653,3703256152,1.057,10869044,116744,520192,56405952,3,38702,0,"subsystem_survey: same frozen full DOL, A/B/A repeat, 900 VIs per neutral scene"
2026-09-30_dolphin_paging_reference,2026-09-30,dolphin,glN64,"1.6.3 reference, HBC agent, VM read-ahead=0",1,Mario Party 3 (E) (M4) [!].z64,vis,900,50,20.52,0.877,60.7,47.19,46.91,7915,1,1286,0,0,0,18,1,0,3.88,5.2,14955140463,0,0.000,10866648,35048,561152,577472,3,2117,4,900-VI neutral large-ROM scenes; exact NAND I/O reference
2026-09-30_dolphin_paging_reference,2026-09-30,dolphin,glN64,"1.6.3 reference, HBC agent, VM read-ahead=0",2,007 - The World Is Not Enough (USA).z64,vis,900,60,18.15,0.826,64.9,54.03,28.92,10318,1,1180,358,45108,0,19,18,0,3.79,5.05,13226983781,0,0.000,10858232,43464,561152,577472,4,2689,0,900-VI neutral large-ROM scenes; exact NAND I/O reference
2026-09-30_dolphin_paging_reference,2026-09-30,dolphin,glN64,"1.6.3 reference, HBC agent, VM read-ahead=0",3,Donkey Kong 64 (USA).z64,vis,900,60,17.76,0.844,52.3,55.27,26.36,5086,1,1389,10096,250029,0,15,13,0,4.09,5.25,12943856484,0,0.000,10882008,36072,544768,577472,4,2908,0,900-VI neutral large-ROM scenes; exact NAND I/O reference
2026-09-30_dolphin_paging_preflush,2026-09-30,dolphin,glN64,"1.6.3 candidate, HBC agent, VM preflush=1, read-ahead=1",1,Mario Party 3 (E) (M4) [!].z64,vis,900,50,17.99,1.000,68.9,48.61,46.64,7919,1,1286,0,0,0,18,1,0,3.79,5.05,13112750400,0,0.000,10866584,36328,557056,577472,3,2110,4,900-VI neutral large-ROM scenes; load-time writeback plus 32KiB read-ahead
2026-09-30_dolphin_paging_preflush,2026-09-30,dolphin,glN64,"1.6.3 candidate, HBC agent, VM preflush=1, read-ahead=1",2,007 - The World Is Not Enough (USA).z64,vis,900,60,15.17,0.989,78.2,57.48,27.71,10314,1,1179,358,45108,0,19,3,0,3.95,4.75,11053614424,0,0.000,10858136,44776,557056,577472,4,2685,0,900-VI neutral large-ROM scenes; load-time writeback plus 32KiB read-ahead
2026-09-30_dolphin_paging_preflush,2026-09-30,dolphin,glN64,"1.6.3 candidate, HBC agent, VM preflush=1, read-ahead=1",3,Donkey Kong 64 (USA).z64,vis,900,60,15.01,0.999,62.3,59.99,28.22,5085,1,1389,10096,250029,0,15,3,0,3.8,4.7,10938898938,0,0.000,10881944,37352,540672,577472,3,2124,1,900-VI neutral large-ROM scenes; load-time writeback plus 32KiB read-ahead
2026-09-30_wii_paging_reference_a,2026-09-30,hardware,glN64,1.6.3+dirty HBC_AGENT=1 PERF_SUBSYSTEM_PROBES VM_PAGE_READAHEAD=0,1,Mario Party 3 (E) (M4) [!].z64,vis,900,50,20.61,0.873,64.3,47.1,46.91,7900,1,1286,0,0,0,18,1,0,1.44,1.65,3382329642,3290146585,0.973,10865856,35368,561152,577472,3,30690,4,900-VI neutral paging scenes; reference A of reference/read-ahead/reference; agent enabled; no ROM preflush
2026-09-30_wii_paging_reference_a,2026-09-30,hardware,glN64,1.6.3+dirty HBC_AGENT=1 PERF_SUBSYSTEM_PROBES VM_PAGE_READAHEAD=0,2,007 - The World Is Not Enough (USA).z64,vis,900,60,18.09,0.829,66.3,54.6,27.82,10317,1,1179,358,45108,0,19,17,0,1.29,1.55,1935283023,2072892238,1.071,10857408,43816,561152,577472,4,46623,0,900-VI neutral paging scenes; reference A of reference/read-ahead/reference; agent enabled; no ROM preflush
2026-09-30_wii_paging_reference_a,2026-09-30,hardware,glN64,1.6.3+dirty HBC_AGENT=1 PERF_SUBSYSTEM_PROBES VM_PAGE_READAHEAD=0,3,Donkey Kong 64 (USA).z64,vis,900,60,17.72,0.846,55.2,55.61,26.38,5085,1,1389,10096,250029,0,15,11,0,1.33,1.7,3511471274,3704454833,1.055,10881216,36392,544768,577472,4,44206,0,900-VI neutral paging scenes; reference A of reference/read-ahead/reference; agent enabled; no ROM preflush
2026-09-30_wii_paging_readahead,2026-09-30,hardware,glN64,1.6.3+dirty HBC_AGENT=1 PERF_SUBSYSTEM_PROBES VM_PAGE_READAHEAD=1,1,Mario Party 3 (E) (M4) [!].z64,vis,900,50,19.77,0.910,67.4,47.24,46.82,7906,1,1286,0,0,0,18,1,0,1.48,1.65,3384562457,3291336241,0.972,10865792,35016,561152,577472,3,33404,4,900-VI neutral paging scenes; read-ahead only candidate between references; zero cache hits because dirty writeback invalidates windows
2026-09-30_wii_paging_readahead,2026-09-30,hardware,glN64,1.6.3+dirty HBC_AGENT=1 PERF_SUBSYSTEM_PROBES VM_PAGE_READAHEAD=1,2,007 - The World Is Not Enough (USA).z64,vis,900,60,16.94,0.885,71.0,55.6,27.7,10316,1,1179,358,45108,0,19,7,0,1.34,1.6,1942660423,2073848572,1.068,10857344,43464,561152,577472,4,49016,0,900-VI neutral paging scenes; read-ahead only candidate between references; zero cache hits because dirty writeback invalidates windows
2026-09-30_wii_paging_readahead,2026-09-30,hardware,glN64,1.6.3+dirty HBC_AGENT=1 PERF_SUBSYSTEM_PROBES VM_PAGE_READAHEAD=1,3,Donkey Kong 64 (USA).z64,vis,900,60,16.77,0.894,59.1,56.06,28.26,5087,1,1389,10096,250029,0,15,5,0,1.32,1.65,3511948602,3705533379,1.055,10881152,36040,544768,577472,3,33151,0,900-VI neutral paging scenes; read-ahead only candidate between references; zero cache hits because dirty writeback invalidates windows
2026-09-30_wii_paging_reference_b,2026-09-30,hardware,glN64,1.6.3+dirty HBC_AGENT=1 PERF_SUBSYSTEM_PROBES VM_PAGE_READAHEAD=0,1,Mario Party 3 (E) (M4) [!].z64,vis,900,50,20.63,0.873,64.3,47.18,46.88,7905,1,1286,0,0,0,18,1,0,1.48,1.6,3383679170,3290311090,0.972,10865728,35496,561152,577472,3,32441,4,900-VI neutral paging scenes; reference repeat after read-ahead; agent enabled; no ROM preflush
2026-09-30_wii_paging_reference_b,2026-09-30,hardware,glN64,1.6.3+dirty HBC_AGENT=1 PERF_SUBSYSTEM_PROBES VM_PAGE_READAHEAD=0,2,007 - The World Is Not Enough (USA).z64,vis,900,60,18.08,0.830,66.3,54.61,27.82,10320,1,1179,358,45108,0,19,16,0,1.38,1.7,1935327326,2072364769,1.071,10857280,43944,561152,577472,4,46246,0,900-VI neutral paging scenes; reference repeat after read-ahead; agent enabled; no ROM preflush
2026-09-30_wii_paging_reference_b,2026-09-30,hardware,glN64,1.6.3+dirty HBC_AGENT=1 PERF_SUBSYSTEM_PROBES VM_PAGE_READAHEAD=0,3,Donkey Kong 64 (USA).z64,vis,900,60,17.71,0.847,55.3,57.51,28.24,5086,1,1389,10096,250029,0,15,10,0,1.35,1.8,3511022007,3704331116,1.055,10881088,36520,544768,577472,4,38465,0,900-VI neutral paging scenes; reference repeat after read-ahead; agent enabled; no ROM preflush
2026-09-30_wii_paging_preflush,2026-09-30,hardware,glN64,1.6.3+dirty HBC_AGENT=1 PERF_SUBSYSTEM_PROBES VM_PAGE_READAHEAD=1 VM_ROM_PREFLUSH=1,1,Mario Party 3 (E) (M4) [!].z64,vis,900,50,18.18,0.990,72.6,48.61,46.67,7885,1,1286,0,0,0,18,1,0,1.49,1.65,3380706808,3285266098,0.972,10865792,36648,557056,577472,3,34786,4,First combined preflush/read-ahead 900-VI neutral paging scenes; async agent startup; matched-source repeat survey pending; startup NAND-write tradeoff not included in gameplay metrics
2026-09-30_wii_paging_preflush,2026-09-30,hardware,glN64,1.6.3+dirty HBC_AGENT=1 PERF_SUBSYSTEM_PROBES VM_PAGE_READAHEAD=1 VM_ROM_PREFLUSH=1,2,007 - The World Is Not Enough (USA).z64,vis,900,60,15.18,0.988,79.4,60.0,28.8,10316,1,1179,358,45108,0,19,1,0,1.37,1.55,1930956245,2066942380,1.070,10857344,45096,557056,577472,4,48459,0,First combined preflush/read-ahead 900-VI neutral paging scenes; async agent startup; matched-source repeat survey pending; startup NAND-write tradeoff not included in gameplay metrics
2026-09-30_wii_paging_preflush,2026-09-30,hardware,glN64,1.6.3+dirty HBC_AGENT=1 PERF_SUBSYSTEM_PROBES VM_PAGE_READAHEAD=1 VM_ROM_PREFLUSH=1,3,Donkey Kong 64 (USA).z64,vis,900,60,15.18,0.988,65.5,58.02,26.56,5087,1,1389,10096,250029,0,15,3,0,1.37,1.65,3506554718,3699153126,1.055,10881152,33576,544768,577472,3,39961,0,First combined preflush/read-ahead 900-VI neutral paging scenes; async agent startup; matched-source repeat survey pending; startup NAND-write tradeoff not included in gameplay metrics
2026-09-30_wii_paging_matched_a,2026-09-30,hardware,glN64,matched-paging-full,1,Mario Party 3 (E) (M4) [!].z64,vis,900,50,18.17,0.990,72.7,48.61,46.68,7880,1,1286,0,0,0,18,1,0,1.45,1.65,3380148605,3285380361,0.972,10865664,36776,557056,577472,3,33148,4,"Matched combined paging, candidate A; 900-VI neutral intro/title scenes, both probes and HBC agent enabled"
2026-09-30_wii_paging_matched_a,2026-09-30,hardware,glN64,matched-paging-full,2,007 - The World Is Not Enough (USA).z64,vis,900,60,15.17,0.988,79.3,57.98,27.56,10324,1,1179,358,45108,0,19,1,0,1.38,1.6,1931396753,2067093890,1.070,10857216,45224,557056,577472,4,44496,0,"Matched combined paging, candidate A; 900-VI neutral intro/title scenes, both probes and HBC agent enabled"
2026-09-30_wii_paging_matched_a,2026-09-30,hardware,glN64,matched-paging-full,3,Donkey Kong 64 (USA).z64,vis,900,60,15.18,0.988,65.5,58.0,26.56,5085,1,1389,10096,250029,0,15,3,0,1.37,1.6,3506986765,3699534042,1.055,10881152,33576,544768,577472,3,35453,0,"Matched combined paging, candidate A; 900-VI neutral intro/title scenes, both probes and HBC agent enabled"
2026-09-30_wii_paging_matched_reference,2026-09-30,hardware,glN64,matched-paging-control,1,Mario Party 3 (E) (M4) [!].z64,vis,900,50,20.60,0.874,64.3,47.14,46.78,7891,1,1286,0,0,0,18,1,0,1.44,1.65,3388501459,3289912544,0.971,10865856,37064,557056,577472,3,34282,4,"Matched reference: preflush/read-ahead off; same source, probes and agent as candidates"
2026-09-30_wii_paging_matched_reference,2026-09-30,hardware,glN64,matched-paging-control,2,007 - The World Is Not Enough (USA).z64,vis,900,60,18.08,0.829,66.3,54.65,27.82,10318,1,1179,358,45108,0,19,16,0,1.37,1.6,1939040087,2073303422,1.069,10857408,45512,557056,577472,4,50757,0,"Matched reference: preflush/read-ahead off; same source, probes and agent as candidates"
2026-09-30_wii_paging_matched_reference,2026-09-30,hardware,glN64,matched-paging-control,3,Donkey Kong 64 (USA).z64,vis,900,60,17.81,0.842,55.4,55.55,27.9,5085,1,1389,10096,250029,0,15,12,0,1.37,1.65,3517314151,3704270199,1.053,10881216,33992,544768,577472,3,34893,0,"Matched reference: preflush/read-ahead off; same source, probes and agent as candidates"
2026-09-30_wii_paging_matched_b,2026-09-30,hardware,glN64,matched-paging-full,1,Mario Party 3 (E) (M4) [!].z64,vis,900,50,18.17,0.990,72.6,48.61,46.67,7875,1,1286,0,0,0,18,1,0,1.45,1.65,3380257134,3285293852,0.972,10865728,36712,557056,577472,3,34420,4,"Matched combined paging, candidate B; identical DOL to candidate A"
2026-09-30_wii_paging_matched_b,2026-09-30,hardware,glN64,matched-paging-full,2,007 - The World Is Not Enough (USA).z64,vis,900,60,15.18,0.988,79.3,60.0,28.8,10321,1,1179,358,45108,0,19,1,0,1.37,1.55,1930585584,2067107660,1.071,10857280,45160,557056,577472,4,46063,0,"Matched combined paging, candidate B; identical DOL to candidate A"
2026-09-30_wii_paging_matched_b,2026-09-30,hardware,glN64,matched-paging-full,3,Donkey Kong 64 (USA).z64,vis,900,60,15.17,0.989,65.6,58.02,26.56,5087,1,1389,10096,250029,0,15,3,0,1.37,1.8,3507421076,3699600021,1.055,10881088,33640,544768,577472,3,40480,0,"Matched combined paging, candidate B; identical DOL to candidate A"
2026-09-30_wii_paging_long,2026-09-30,hardware,glN64,1.6.4+d4066420,1,Super Mario 64.v64,vis,2400,60,40.19,0.995,64.9,59.25,27.95,14189,1,1572,205473,3874842,0,14,11,0,1.54,1.75,10174463163,9697352421,0.953,10872576,37064,548864,577472,5,55608,11,"Paging defaults, longer scenes with staged controller replays; all VI targets and HBC return passed"
2026-09-30_wii_paging_long,2026-09-30,hardware,glN64,1.6.4+d4066420,2,Mario Party 3 (E) (M4) [!].z64,vis,3600,50,72.24,0.997,73.4,49.65,69.54,25359,1,2347,104929,2669691,0,20,1,0,1.5,1.8,13668783223,12608548543,0.922,10931168,35816,491520,577472,9,127217,11,"Paging defaults, longer scenes with staged controller replays; all VI targets and HBC return passed"
2026-09-30_wii_paging_long,2026-09-30,hardware,glN64,1.6.4+d4066420,3,007 - The World Is Not Enough (USA).z64,vis,3600,60,60.29,0.995,76.7,59.97,29.5,38068,1,2756,34357,1660920,0,25,7,0,1.34,1.6,9679279220,9689827632,1.001,10952160,51688,454656,577472,8,127573,0,"Paging defaults, longer scenes with staged controller replays; all VI targets and HBC return passed"
2026-09-30_wii_paging_long,2026-09-30,hardware,glN64,1.6.4+d4066420,4,Donkey Kong 64 (USA).z64,vis,3600,60,60.25,0.996,45.8,59.5,28.91,18335,1,1780,269682,8484495,0,17,4,0,1.39,1.8,23335886359,20822328765,0.892,10910400,109832,438272,577472,8,109940,0,"Paging defaults, longer scenes with staged controller replays; all VI targets and HBC return passed"
2026-09-30_wii_paging_long,2026-09-30,hardware,glN64,1.6.4+d4066420,5,Super Mario 64.v64,vis,900,60,15.18,0.988,53.0,58.04,25.49,5981,1,928,84083,1256661,0,14,9,0,1.52,1.75,5051638818,5025428733,0.995,10848960,171272,438272,577472,3,46310,0,"Paging defaults, longer scenes with staged controller replays; all VI targets and HBC return passed"
2026-09-30_wii_graphics_probes_full1,2026-09-30,hardware,glN64,1.6.4,1,Super Mario 64.v64,vis,900,60,15.17,0.989,53.0,58.0,25.4,5981,1,928,86583,1256613,0,14,8,0,1.49,1.8,5054575151,5027413577,0.995,10848680,36584,573440,577472,3,33727,4,"Matched graphics-probe overhead, full/control/full, paging defaults on"
2026-09-30_wii_graphics_probes_full1,2026-09-30,hardware,glN64,1.6.4,2,Banjo-Kazooie.V64,vis,900,60,15.18,0.988,48.1,58.0,26.55,5450,1,2083,52520,741906,0,31,3,0,1.35,1.65,5475656608,5215447750,0.952,10926056,37032,495616,577472,4,43619,0,"Matched graphics-probe overhead, full/control/full, paging defaults on"
2026-09-30_wii_graphics_probes_full1,2026-09-30,hardware,glN64,1.6.4,3,Pokemon Snap.rom,vis,900,60,15.22,0.985,24.4,57.98,54.17,10823,1,777,167028,4402401,0,12,0,0,1.62,1.9,8226558107,7964596204,0.968,10838280,157576,462848,577472,3,37946,0,"Matched graphics-probe overhead, full/control/full, paging defaults on"
2026-09-30_wii_graphics_probes_control,2026-09-30,hardware,glN64,1.6.4,1,Super Mario 64.v64,vis,900,60,15.19,0.988,55.2,58.0,25.4,5979,1,928,86588,1256643,0,14,8,0,1.54,1.85,4807619231,4599765795,0.957,10848744,37768,577536,577472,3,30542,4,"Matched graphics-probe overhead, full/control/full, paging defaults on"
2026-09-30_wii_graphics_probes_control,2026-09-30,hardware,glN64,1.6.4,2,Banjo-Kazooie.V64,vis,900,60,15.17,0.989,50.2,58.12,27.6,5450,1,2084,52520,741906,0,31,3,0,1.39,1.6,5244115748,4793354952,0.914,10926152,34088,503808,577472,3,35487,0,"Matched graphics-probe overhead, full/control/full, paging defaults on"
2026-09-30_wii_graphics_probes_control,2026-09-30,hardware,glN64,1.6.4,3,Pokemon Snap.rom,vis,900,60,15.21,0.986,26.2,57.87,54.41,10823,1,777,167028,4402401,0,12,0,0,1.56,1.9,8024127020,7582104669,0.945,10838408,158696,466944,577472,3,32558,0,"Matched graphics-probe overhead, full/control/full, paging defaults on"
2026-09-30_wii_graphics_probes_full2,2026-09-30,hardware,glN64,1.6.4,1,Super Mario 64.v64,vis,900,60,15.17,0.988,53.0,58.0,25.41,5979,1,928,86595,1256685,0,14,7,0,1.54,1.8,5055291326,5027630315,0.995,10848616,36648,573440,577472,3,33152,4,"Matched graphics-probe overhead, full/control/full, paging defaults on"
2026-09-30_wii_graphics_probes_full2,2026-09-30,hardware,glN64,1.6.4,2,Banjo-Kazooie.V64,vis,900,60,15.18,0.988,48.1,58.0,26.55,5450,1,2084,52520,741906,0,31,3,0,1.39,1.6,5475952576,5215563027,0.952,10926088,37000,495616,577472,4,42802,0,"Matched graphics-probe overhead, full/control/full, paging defaults on"
2026-09-30_wii_graphics_probes_full2,2026-09-30,hardware,glN64,1.6.4,3,Pokemon Snap.rom,vis,900,60,15.29,0.981,24.3,58.05,54.38,10823,1,777,167028,4402401,0,12,0,0,1.53,1.9,8228983040,7965078647,0.968,10838280,157576,462848,577472,3,38047,0,"Matched graphics-probe overhead, full/control/full, paging defaults on"
2026-09-30_dolphin_paging_long,2026-09-30,dolphin,glN64,1.6.4+d4066420,1,Super Mario 64.v64,vis,2400,60,40.01,1.000,63.5,59.26,28.01,14188,1,1572,205473,3874842,0,14,10,0,3.96,6.25,29160405863,0,0.000,10873112,37160,548864,577472,6,4483,11,"Longer paging correctness, LLE MMU host muted, all VI targets passed"
2026-09-30_dolphin_paging_long,2026-09-30,dolphin,glN64,1.6.4+d4066420,2,Mario Party 3 (E) (M4) [!].z64,vis,3600,50,72.02,1.000,72.0,49.99,69.58,25271,1,2347,104929,2669691,0,20,1,0,3.85,5.1,52489240878,0,0.000,10931640,35976,491520,577472,9,7617,11,"Longer paging correctness, LLE MMU host muted, all VI targets passed"
2026-09-30_dolphin_paging_long,2026-09-30,dolphin,glN64,1.6.4+d4066420,3,007 - The World Is Not Enough (USA).z64,vis,3600,60,60.18,0.997,74.6,59.34,29.16,38056,1,2756,34357,1660920,0,25,9,0,3.79,5.55,43862633530,0,0.000,10952824,51656,454656,577472,8,6704,0,"Longer paging correctness, LLE MMU host muted, all VI targets passed"
2026-09-30_dolphin_paging_long,2026-09-30,dolphin,glN64,1.6.4+d4066420,4,Donkey Kong 64 (USA).z64,vis,3600,60,60.02,1.000,47.5,59.49,28.96,18336,1,1781,269682,8484495,0,17,4,0,3.89,5.6,43746674866,0,0.000,10911096,109768,438272,577472,8,7308,0,"Longer paging correctness, LLE MMU host muted, all VI targets passed"
2026-09-30_dolphin_paging_long,2026-09-30,dolphin,glN64,1.6.4+d4066420,5,Super Mario 64.v64,vis,900,60,15.01,0.999,50.2,58.13,25.47,5980,1,928,84066,1256559,0,14,5,0,3.9,4.7,10939050309,0,0.000,10849624,171240,438272,577472,3,2887,0,"Longer paging correctness, LLE MMU host muted, all VI targets passed"
2026-09-30_dolphin_texture_memo_initial,2026-09-30,dolphin,glN64,1.6.4+880d374e,1,Super Mario 64.v64,vis,900,60,15.01,0.999,50.0,58.0,25.42,5981,1,928,86586,1256631,0,14,6,0,3.7,4.95,10937204760,0,0.000,10849528,34376,573440,577472,3,2108,4,"Initial generation-invalidated hash memo correctness, 3 VI targets passed; not accepted as faster"
2026-09-30_dolphin_texture_memo_initial,2026-09-30,dolphin,glN64,1.6.4+880d374e,2,Banjo-Kazooie.V64,vis,900,60,15.07,0.995,48.5,58.05,26.62,5450,1,2084,52520,741906,0,31,2,0,3.7,5.5,10984726882,0,0.000,10926936,34792,495616,577472,4,2679,0,"Initial generation-invalidated hash memo correctness, 3 VI targets passed; not accepted as faster"
2026-09-30_dolphin_texture_memo_initial,2026-09-30,dolphin,glN64,1.6.4+880d374e,3,Pokemon Snap.rom,vis,900,60,15.14,0.991,16.8,57.71,54.16,10824,1,777,167028,4402401,0,12,2,0,3.77,4.95,11032870869,0,0.000,10839128,159464,458752,577472,3,2358,0,"Initial generation-invalidated hash memo correctness, 3 VI targets passed; not accepted as faster"
2026-09-30_dolphin_texture_snapshot,2026-09-30,dolphin,glN64,1.6.4+83e7f18f,1,Super Mario 64.v64,vis,900,60,15.01,0.999,49.6,58.0,25.41,5981,1,928,86595,1256685,0,14,6,0,3.71,5.8,10937206072,0,0.000,10849464,37800,561152,577472,3,2108,4,"Byte-snapshot hash candidate, LLE MMU muted, all 3 graphics targets passed; Wii gain not yet accepted"
2026-09-30_dolphin_texture_snapshot,2026-09-30,dolphin,glN64,1.6.4+83e7f18f,2,Banjo-Kazooie.V64,vis,900,60,15.07,0.995,47.9,58.05,26.62,5450,1,2084,52520,741906,0,31,3,0,3.75,5.15,10985080456,0,0.000,10926872,34120,487424,577472,4,2664,0,"Byte-snapshot hash candidate, LLE MMU muted, all 3 graphics targets passed; Wii gain not yet accepted"
2026-09-30_dolphin_texture_snapshot,2026-09-30,dolphin,glN64,1.6.4+83e7f18f,3,Pokemon Snap.rom,vis,900,60,15.11,0.992,19.8,57.68,54.1,10824,1,777,167028,4402401,0,12,0,0,3.5,5.4,11014945888,0,0.000,10839064,158792,450560,577472,3,2350,0,"Byte-snapshot hash candidate, LLE MMU muted, all 3 graphics targets passed; Wii gain not yet accepted"
2026-09-30_dolphin_texture_snapshot_long,2026-09-30,dolphin,glN64,1.6.4+83e7f18f,1,Super Mario 64.v64,vis,2400,60,40.01,1.000,62.9,59.25,28.01,14186,1,1572,205469,3874818,0,14,10,0,3.81,5.5,29156033842,0,0.000,10873304,34440,540672,577472,6,4491,11,"Byte-snapshot candidate longer chain, all 5 VI targets passed with no latest-boot invalid accesses, LLE MMU muted"
2026-09-30_dolphin_texture_snapshot_long,2026-09-30,dolphin,glN64,1.6.4+83e7f18f,2,Mario Party 3 (E) (M4) [!].z64,vis,3600,50,72.02,1.000,71.3,49.64,69.44,25340,1,2347,104929,2669691,0,20,1,0,3.92,5.95,52492370305,0,0.000,10931832,33256,483328,577472,9,7681,11,"Byte-snapshot candidate longer chain, all 5 VI targets passed with no latest-boot invalid accesses, LLE MMU muted"
2026-09-30_dolphin_texture_snapshot_long,2026-09-30,dolphin,glN64,1.6.4+83e7f18f,3,007 - The World Is Not Enough (USA).z64,vis,3600,60,60.17,0.997,73.9,59.34,28.92,38055,1,2756,34357,1660920,0,25,8,0,3.88,5.6,43858237699,0,0.000,10952824,49128,446464,577472,8,6680,0,"Byte-snapshot candidate longer chain, all 5 VI targets passed with no latest-boot invalid accesses, LLE MMU muted"
2026-09-30_dolphin_texture_snapshot_long,2026-09-30,dolphin,glN64,1.6.4+83e7f18f,4,Donkey Kong 64 (USA).z64,vis,3600,60,60.01,1.000,46.7,59.99,29.24,18338,1,1780,269682,8484495,0,17,4,0,3.84,5.7,43744606070,0,0.000,10911064,111368,425984,577472,8,7272,0,"Byte-snapshot candidate longer chain, all 5 VI targets passed with no latest-boot invalid accesses, LLE MMU muted"
2026-09-30_dolphin_texture_snapshot_long,2026-09-30,dolphin,glN64,1.6.4+83e7f18f,5,Super Mario 64.v64,vis,900,60,15.01,0.999,49.7,58.14,25.49,5979,1,928,84078,1256631,0,14,5,0,3.9,4.7,10939063932,0,0.000,10849624,172808,425984,577472,3,2895,0,"Byte-snapshot candidate longer chain, all 5 VI targets passed with no latest-boot invalid accesses, LLE MMU muted"
2026-09-30_wii_texture_memo_initial_full1,2026-09-30,hardware,glN64,1.6.4,1,Super Mario 64.v64,vis,900,60,15.18,0.988,52.9,58.0,26.29,5981,1,928,86585,1256625,0,14,8,0,1.47,1.75,5060891645,5029640936,0.994,10848744,34728,573440,577472,3,34153,4,"Initial generation-invalidated hash memo, matched candidate/reference/candidate; rejected for lack of improvement"
2026-09-30_wii_texture_memo_initial_full1,2026-09-30,hardware,glN64,1.6.4,2,Banjo-Kazooie.V64,vis,900,60,15.19,0.987,47.9,58.04,26.55,5450,1,2083,52520,741906,0,31,2,0,1.34,1.6,5500978091,5220039390,0.949,10926120,35176,495616,577472,4,42241,0,"Initial generation-invalidated hash memo, matched candidate/reference/candidate; rejected for lack of improvement"
2026-09-30_wii_texture_memo_initial_full1,2026-09-30,hardware,glN64,1.6.4,3,Pokemon Snap.rom,vis,900,60,15.24,0.984,23.6,58.04,54.37,10825,1,777,167028,4402401,0,12,0,0,1.6,1.9,8319689005,7951956599,0.956,10838344,159816,458752,577472,3,34441,0,"Initial generation-invalidated hash memo, matched candidate/reference/candidate; rejected for lack of improvement"
2026-09-30_wii_texture_memo_initial_control,2026-09-30,hardware,glN64,1.6.4,1,Super Mario 64.v64,vis,900,60,15.19,0.987,52.9,57.98,25.4,5978,1,928,86588,1256643,0,14,8,0,1.55,1.8,5059415065,5027123338,0.994,10848680,36680,573440,577472,3,35459,4,"Initial generation-invalidated hash memo, matched candidate/reference/candidate; rejected for lack of improvement"
2026-09-30_wii_texture_memo_initial_control,2026-09-30,hardware,glN64,1.6.4,2,Banjo-Kazooie.V64,vis,900,60,15.17,0.989,48.1,58.0,26.55,5450,1,2084,52520,741906,0,31,4,0,1.35,1.65,5482322240,5215426565,0.951,10926088,37096,495616,577472,4,43206,0,"Initial generation-invalidated hash memo, matched candidate/reference/candidate; rejected for lack of improvement"
2026-09-30_wii_texture_memo_initial_control,2026-09-30,hardware,glN64,1.6.4,3,Pokemon Snap.rom,vis,900,60,15.22,0.986,24.6,57.98,54.24,10823,1,777,167028,4402401,0,12,0,0,1.57,1.9,8204736588,7963910134,0.971,10838280,157672,462848,577472,3,36040,0,"Initial generation-invalidated hash memo, matched candidate/reference/candidate; rejected for lack of improvement"
2026-09-30_wii_texture_memo_initial_full2,2026-09-30,hardware,glN64,1.6.4,1,Super Mario 64.v64,vis,900,60,15.19,0.987,52.9,57.96,25.36,5979,1,928,86597,1256697,0,14,7,0,1.53,1.8,5060473080,5026491264,0.993,10848744,34728,573440,577472,3,35305,4,"Initial generation-invalidated hash memo, matched candidate/reference/candidate; rejected for lack of improvement"
2026-09-30_wii_texture_memo_initial_full2,2026-09-30,hardware,glN64,1.6.4,2,Banjo-Kazooie.V64,vis,900,60,15.17,0.989,48.0,60.0,27.59,5450,1,2084,52520,741906,0,31,3,0,1.38,1.6,5501163677,5220167907,0.949,10926152,35144,495616,577472,4,42608,0,"Initial generation-invalidated hash memo, matched candidate/reference/candidate; rejected for lack of improvement"
2026-09-30_wii_texture_memo_initial_full2,2026-09-30,hardware,glN64,1.6.4,3,Pokemon Snap.rom,vis,900,60,15.26,0.983,23.5,58.04,54.37,10824,1,777,167028,4402401,0,12,0,0,1.6,1.9,8320993706,7952051581,0.956,10838344,159816,458752,577472,3,36189,0,"Initial generation-invalidated hash memo, matched candidate/reference/candidate; rejected for lack of improvement"
2026-09-30_wii_texture_snapshot_full1,2026-09-30,hardware,glN64,1.6.4,1,Super Mario 64.v64,vis,900,60,15.20,0.987,52.5,57.96,25.34,5980,1,932,86590,1256655,0,14,8,0,1.55,1.8,5098562725,5087572818,0.998,10848936,37896,561152,577472,3,41441,4,"Byte-snapshot texture hash, matched candidate/reference/candidate; opt-in due SM64/Banjo CPU regression"
2026-09-30_wii_texture_snapshot_full1,2026-09-30,hardware,glN64,1.6.4,2,Banjo-Kazooie.V64,vis,900,60,15.17,0.988,47.5,58.0,26.56,5450,1,2083,52520,741906,0,31,2,0,1.35,1.6,5559721196,5311607085,0.955,10926056,34504,487424,577472,4,43603,0,"Byte-snapshot texture hash, matched candidate/reference/candidate; opt-in due SM64/Banjo CPU regression"
2026-09-30_wii_texture_snapshot_full1,2026-09-30,hardware,glN64,1.6.4,3,Pokemon Snap.rom,vis,900,60,15.22,0.986,25.9,57.87,54.21,10824,1,777,167028,4402401,0,12,0,0,1.57,1.9,8064896479,8017313114,0.994,10838280,159144,450560,577472,3,35615,0,"Byte-snapshot texture hash, matched candidate/reference/candidate; opt-in due SM64/Banjo CPU regression"
2026-09-30_wii_texture_snapshot_control,2026-09-30,hardware,glN64,1.6.4,1,Super Mario 64.v64,vis,900,60,15.19,0.987,53.0,57.97,25.35,5980,1,928,86590,1256655,0,14,8,0,1.5,1.8,5055519550,5023530350,0.994,10848744,36616,573440,577472,3,36744,4,"Byte-snapshot texture hash, matched candidate/reference/candidate; opt-in due SM64/Banjo CPU regression"
2026-09-30_wii_texture_snapshot_control,2026-09-30,hardware,glN64,1.6.4,2,Banjo-Kazooie.V64,vis,900,60,15.16,0.989,48.1,58.0,27.57,5450,1,2084,52520,741906,0,31,2,0,1.34,1.6,5477599015,5214069555,0.952,10926152,37032,495616,577472,4,43051,0,"Byte-snapshot texture hash, matched candidate/reference/candidate; opt-in due SM64/Banjo CPU regression"
2026-09-30_wii_texture_snapshot_control,2026-09-30,hardware,glN64,1.6.4,3,Pokemon Snap.rom,vis,900,60,15.23,0.985,24.5,58.0,54.38,10823,1,777,167028,4402401,0,12,0,0,1.59,1.9,8208642301,7964962146,0.970,10838344,157608,462848,577472,3,36351,0,"Byte-snapshot texture hash, matched candidate/reference/candidate; opt-in due SM64/Banjo CPU regression"
2026-09-30_wii_texture_snapshot_full2,2026-09-30,hardware,glN64,1.6.4,1,Super Mario 64.v64,vis,900,60,15.20,0.987,52.5,57.98,25.35,5978,1,928,86578,1256583,0,14,7,0,1.52,1.8,5099091146,5087521631,0.998,10848680,38152,561152,577472,3,37007,4,"Byte-snapshot texture hash, matched candidate/reference/candidate; opt-in due SM64/Banjo CPU regression"
2026-09-30_wii_texture_snapshot_full2,2026-09-30,hardware,glN64,1.6.4,2,Banjo-Kazooie.V64,vis,900,60,15.18,0.988,47.5,58.0,26.56,5450,1,2084,52520,741906,0,31,3,0,1.37,1.6,5559879098,5311669196,0.955,10926088,34472,487424,577472,4,43739,0,"Byte-snapshot texture hash, matched candidate/reference/candidate; opt-in due SM64/Banjo CPU regression"
2026-09-30_wii_texture_snapshot_full2,2026-09-30,hardware,glN64,1.6.4,3,Pokemon Snap.rom,vis,900,60,15.22,0.985,25.9,57.94,54.4,10824,1,777,167028,4402401,0,12,0,0,1.58,1.9,8067789694,8017987465,0.994,10838280,159144,450560,577472,3,32951,0,"Byte-snapshot texture hash, matched candidate/reference/candidate; opt-in due SM64/Banjo CPU regression"
